"Cultures_developpees_1","Cultures_developpees_2","Cultures_developpees_3","Cultures_developpees_4","Cultures_developpees_5","Departement","Production_seche_volume","Superficie_correspondante_hectare","Rendement_matiere_seche"
"Fourrages annuels, prairies non permanentes et STH","Fourrages annuels, prairies non permanentes et STH","Fourrages annuels, prairies non permanentes et STH","Fourrages annuels, prairies non permanentes et STH","Fourrages annuels, prairies non permanentes et STH","971 - Guadeloupe",18088825,580559,NA
"Fourrages annuels, prairies non permanentes et STH","Fourrages annuels, prairies non permanentes et STH","Fourrages annuels, prairies non permanentes et STH","Fourrages annuels, prairies non permanentes et STH","Fourrages annuels, prairies non permanentes et STH","972 - Martinique",7115579,324165,NA
"Fourrages annuels, prairies non permanentes et STH","Fourrages annuels, prairies non permanentes et STH","Fourrages annuels, prairies non permanentes et STH","Fourrages annuels, prairies non permanentes et STH","Fourrages annuels, prairies non permanentes et STH","973 - Guyane",6076484,133813,NA
"Fourrages annuels, prairies non permanentes et STH","Fourrages annuels, prairies non permanentes et STH","Fourrages annuels, prairies non permanentes et STH","Fourrages annuels, prairies non permanentes et STH","Fourrages annuels, prairies non permanentes et STH","974 - La Réunion",12676555,253225,NA
"Fourrages annuels, prairies non permanentes et STH","Fourrages annuels, prairies non permanentes et STH","Fourrages annuels, prairies non permanentes et STH","Fourrages annuels, prairies non permanentes et STH","Fourrages annuels, prairies non permanentes et STH","976 - Mayotte",25125,555,NA
"Fourrages annuels, prairies non permanentes et STH","Fourrages annuels, prairies non permanentes et STH","Fourrages annuels, prairies non permanentes et STH","Fourrages annuels, prairies non permanentes et STH","Fourrages annuels, prairies non permanentes et STH","77 - Seine-et-Marne",31424044,473983,NA
"Fourrages annuels, prairies non permanentes et STH","Fourrages annuels, prairies non permanentes et STH","Fourrages annuels, prairies non permanentes et STH","Fourrages annuels, prairies non permanentes et STH","Fourrages annuels, prairies non permanentes et STH","78 - Yvelines",15134699,269558,NA
"Fourrages annuels, prairies non permanentes et STH","Fourrages annuels, prairies non permanentes et STH","Fourrages annuels, prairies non permanentes et STH","Fourrages annuels, prairies non permanentes et STH","Fourrages annuels, prairies non permanentes et STH","91 - Essonne",4200748,66398,NA
"Fourrages annuels, prairies non permanentes et STH","Fourrages annuels, prairies non permanentes et STH","Fourrages annuels, prairies non permanentes et STH","Fourrages annuels, prairies non permanentes et STH","Fourrages annuels, prairies non permanentes et STH","92 - Hauts-de-Seine",2661,126,NA
"Fourrages annuels, prairies non permanentes et STH","Fourrages annuels, prairies non permanentes et STH","Fourrages annuels, prairies non permanentes et STH","Fourrages annuels, prairies non permanentes et STH","Fourrages annuels, prairies non permanentes et STH","93 - Seine-Saint-Denis",22608,871,NA
"Fourrages annuels, prairies non permanentes et STH","Fourrages annuels, prairies non permanentes et STH","Fourrages annuels, prairies non permanentes et STH","Fourrages annuels, prairies non permanentes et STH","Fourrages annuels, prairies non permanentes et STH","94 - Val-de-Marne",16020,662,NA
"Fourrages annuels, prairies non permanentes et STH","Fourrages annuels, prairies non permanentes et STH","Fourrages annuels, prairies non permanentes et STH","Fourrages annuels, prairies non permanentes et STH","Fourrages annuels, prairies non permanentes et STH","95 - Val-d'Oise",6771999,100141,NA
"Fourrages annuels, prairies non permanentes et STH","Fourrages annuels, prairies non permanentes et STH","Fourrages annuels, prairies non permanentes et STH","Fourrages annuels, prairies non permanentes et STH","Fourrages annuels, prairies non permanentes et STH","18 - Cher",140893282,2992886,NA
"Fourrages annuels, prairies non permanentes et STH","Fourrages annuels, prairies non permanentes et STH","Fourrages annuels, prairies non permanentes et STH","Fourrages annuels, prairies non permanentes et STH","Fourrages annuels, prairies non permanentes et STH","28 - Eure-et-Loir",36053966,653942,NA
"Fourrages annuels, prairies non permanentes et STH","Fourrages annuels, prairies non permanentes et STH","Fourrages annuels, prairies non permanentes et STH","Fourrages annuels, prairies non permanentes et STH","Fourrages annuels, prairies non permanentes et STH","36 - Indre",221904217,4343683,NA
"Fourrages annuels, prairies non permanentes et STH","Fourrages annuels, prairies non permanentes et STH","Fourrages annuels, prairies non permanentes et STH","Fourrages annuels, prairies non permanentes et STH","Fourrages annuels, prairies non permanentes et STH","37 - Indre-et-Loire",86746690,1589535,NA
"Fourrages annuels, prairies non permanentes et STH","Fourrages annuels, prairies non permanentes et STH","Fourrages annuels, prairies non permanentes et STH","Fourrages annuels, prairies non permanentes et STH","Fourrages annuels, prairies non permanentes et STH","41 - Loir-et-Cher",50455641,941081,NA
"Fourrages annuels, prairies non permanentes et STH","Fourrages annuels, prairies non permanentes et STH","Fourrages annuels, prairies non permanentes et STH","Fourrages annuels, prairies non permanentes et STH","Fourrages annuels, prairies non permanentes et STH","45 - Loiret",35638700,669728,NA
"Fourrages annuels, prairies non permanentes et STH","Fourrages annuels, prairies non permanentes et STH","Fourrages annuels, prairies non permanentes et STH","Fourrages annuels, prairies non permanentes et STH","Fourrages annuels, prairies non permanentes et STH","21 - Côte-d'Or",182270395,3602486,NA
"Fourrages annuels, prairies non permanentes et STH","Fourrages annuels, prairies non permanentes et STH","Fourrages annuels, prairies non permanentes et STH","Fourrages annuels, prairies non permanentes et STH","Fourrages annuels, prairies non permanentes et STH","25 - Doubs",225987093,4370827,NA
"Fourrages annuels, prairies non permanentes et STH","Fourrages annuels, prairies non permanentes et STH","Fourrages annuels, prairies non permanentes et STH","Fourrages annuels, prairies non permanentes et STH","Fourrages annuels, prairies non permanentes et STH","39 - Jura",155481568,3192064,NA
"Fourrages annuels, prairies non permanentes et STH","Fourrages annuels, prairies non permanentes et STH","Fourrages annuels, prairies non permanentes et STH","Fourrages annuels, prairies non permanentes et STH","Fourrages annuels, prairies non permanentes et STH","58 - Nièvre",266545827,5305145,NA
"Fourrages annuels, prairies non permanentes et STH","Fourrages annuels, prairies non permanentes et STH","Fourrages annuels, prairies non permanentes et STH","Fourrages annuels, prairies non permanentes et STH","Fourrages annuels, prairies non permanentes et STH","70 - Haute-Saône",182698868,3151192,NA
"Fourrages annuels, prairies non permanentes et STH","Fourrages annuels, prairies non permanentes et STH","Fourrages annuels, prairies non permanentes et STH","Fourrages annuels, prairies non permanentes et STH","Fourrages annuels, prairies non permanentes et STH","71 - Saône-et-Loire",502600019,8763516,NA
"Fourrages annuels, prairies non permanentes et STH","Fourrages annuels, prairies non permanentes et STH","Fourrages annuels, prairies non permanentes et STH","Fourrages annuels, prairies non permanentes et STH","Fourrages annuels, prairies non permanentes et STH","89 - Yonne",96688832,1865007,NA
"Fourrages annuels, prairies non permanentes et STH","Fourrages annuels, prairies non permanentes et STH","Fourrages annuels, prairies non permanentes et STH","Fourrages annuels, prairies non permanentes et STH","Fourrages annuels, prairies non permanentes et STH","90 - Territoire-de-Belfort",18363629,292136,NA
"Fourrages annuels, prairies non permanentes et STH","Fourrages annuels, prairies non permanentes et STH","Fourrages annuels, prairies non permanentes et STH","Fourrages annuels, prairies non permanentes et STH","Fourrages annuels, prairies non permanentes et STH","14 - Calvados",391928563,5358688,NA
"Fourrages annuels, prairies non permanentes et STH","Fourrages annuels, prairies non permanentes et STH","Fourrages annuels, prairies non permanentes et STH","Fourrages annuels, prairies non permanentes et STH","Fourrages annuels, prairies non permanentes et STH","27 - Eure",151503120,2232830,NA
"Fourrages annuels, prairies non permanentes et STH","Fourrages annuels, prairies non permanentes et STH","Fourrages annuels, prairies non permanentes et STH","Fourrages annuels, prairies non permanentes et STH","Fourrages annuels, prairies non permanentes et STH","50 - Manche",797151156,8165572,NA
"Fourrages annuels, prairies non permanentes et STH","Fourrages annuels, prairies non permanentes et STH","Fourrages annuels, prairies non permanentes et STH","Fourrages annuels, prairies non permanentes et STH","Fourrages annuels, prairies non permanentes et STH","61 - Orne",395989540,5768616,NA
"Fourrages annuels, prairies non permanentes et STH","Fourrages annuels, prairies non permanentes et STH","Fourrages annuels, prairies non permanentes et STH","Fourrages annuels, prairies non permanentes et STH","Fourrages annuels, prairies non permanentes et STH","76 - Seine-Maritime",340819837,3801424,NA
"Fourrages annuels, prairies non permanentes et STH","Fourrages annuels, prairies non permanentes et STH","Fourrages annuels, prairies non permanentes et STH","Fourrages annuels, prairies non permanentes et STH","Fourrages annuels, prairies non permanentes et STH","02 - Aisne",157412425,2003884,NA
"Fourrages annuels, prairies non permanentes et STH","Fourrages annuels, prairies non permanentes et STH","Fourrages annuels, prairies non permanentes et STH","Fourrages annuels, prairies non permanentes et STH","Fourrages annuels, prairies non permanentes et STH","59 - Nord",230080864,2647238,NA
"Fourrages annuels, prairies non permanentes et STH","Fourrages annuels, prairies non permanentes et STH","Fourrages annuels, prairies non permanentes et STH","Fourrages annuels, prairies non permanentes et STH","Fourrages annuels, prairies non permanentes et STH","60 - Oise",97386702,1233373,NA
"Fourrages annuels, prairies non permanentes et STH","Fourrages annuels, prairies non permanentes et STH","Fourrages annuels, prairies non permanentes et STH","Fourrages annuels, prairies non permanentes et STH","Fourrages annuels, prairies non permanentes et STH","62 - Pas-de-Calais",238880438,2754388,NA
"Fourrages annuels, prairies non permanentes et STH","Fourrages annuels, prairies non permanentes et STH","Fourrages annuels, prairies non permanentes et STH","Fourrages annuels, prairies non permanentes et STH","Fourrages annuels, prairies non permanentes et STH","80 - Somme",157428026,1732867,NA
"Fourrages annuels, prairies non permanentes et STH","Fourrages annuels, prairies non permanentes et STH","Fourrages annuels, prairies non permanentes et STH","Fourrages annuels, prairies non permanentes et STH","Fourrages annuels, prairies non permanentes et STH","08 - Ardennes",231500376,3329175,NA
"Fourrages annuels, prairies non permanentes et STH","Fourrages annuels, prairies non permanentes et STH","Fourrages annuels, prairies non permanentes et STH","Fourrages annuels, prairies non permanentes et STH","Fourrages annuels, prairies non permanentes et STH","10 - Aube",70642302,931563,NA
"Fourrages annuels, prairies non permanentes et STH","Fourrages annuels, prairies non permanentes et STH","Fourrages annuels, prairies non permanentes et STH","Fourrages annuels, prairies non permanentes et STH","Fourrages annuels, prairies non permanentes et STH","51 - Marne",142908410,1488417,NA
"Fourrages annuels, prairies non permanentes et STH","Fourrages annuels, prairies non permanentes et STH","Fourrages annuels, prairies non permanentes et STH","Fourrages annuels, prairies non permanentes et STH","Fourrages annuels, prairies non permanentes et STH","52 - Haute-Marne",165730945,2726543,NA
"Fourrages annuels, prairies non permanentes et STH","Fourrages annuels, prairies non permanentes et STH","Fourrages annuels, prairies non permanentes et STH","Fourrages annuels, prairies non permanentes et STH","Fourrages annuels, prairies non permanentes et STH","54 - Meurthe-et-Moselle",182213059,2678714,NA
"Fourrages annuels, prairies non permanentes et STH","Fourrages annuels, prairies non permanentes et STH","Fourrages annuels, prairies non permanentes et STH","Fourrages annuels, prairies non permanentes et STH","Fourrages annuels, prairies non permanentes et STH","55 - Meuse",203202068,2849053,NA
"Fourrages annuels, prairies non permanentes et STH","Fourrages annuels, prairies non permanentes et STH","Fourrages annuels, prairies non permanentes et STH","Fourrages annuels, prairies non permanentes et STH","Fourrages annuels, prairies non permanentes et STH","57 - Moselle",229275179,3422431,NA
"Fourrages annuels, prairies non permanentes et STH","Fourrages annuels, prairies non permanentes et STH","Fourrages annuels, prairies non permanentes et STH","Fourrages annuels, prairies non permanentes et STH","Fourrages annuels, prairies non permanentes et STH","67 - Bas-Rhin",91106581,1416563,NA
"Fourrages annuels, prairies non permanentes et STH","Fourrages annuels, prairies non permanentes et STH","Fourrages annuels, prairies non permanentes et STH","Fourrages annuels, prairies non permanentes et STH","Fourrages annuels, prairies non permanentes et STH","68 - Haut-Rhin",52406198,835991,NA
"Fourrages annuels, prairies non permanentes et STH","Fourrages annuels, prairies non permanentes et STH","Fourrages annuels, prairies non permanentes et STH","Fourrages annuels, prairies non permanentes et STH","Fourrages annuels, prairies non permanentes et STH","88 - Vosges",231155805,3588939,NA
"Fourrages annuels, prairies non permanentes et STH","Fourrages annuels, prairies non permanentes et STH","Fourrages annuels, prairies non permanentes et STH","Fourrages annuels, prairies non permanentes et STH","Fourrages annuels, prairies non permanentes et STH","44 - Loire-Atlantique",440859346,6926731,NA
"Fourrages annuels, prairies non permanentes et STH","Fourrages annuels, prairies non permanentes et STH","Fourrages annuels, prairies non permanentes et STH","Fourrages annuels, prairies non permanentes et STH","Fourrages annuels, prairies non permanentes et STH","49 - Maine-et-Loire",432557208,6009807,NA
"Fourrages annuels, prairies non permanentes et STH","Fourrages annuels, prairies non permanentes et STH","Fourrages annuels, prairies non permanentes et STH","Fourrages annuels, prairies non permanentes et STH","Fourrages annuels, prairies non permanentes et STH","53 - Mayenne",525231995,6245697,NA
"Fourrages annuels, prairies non permanentes et STH","Fourrages annuels, prairies non permanentes et STH","Fourrages annuels, prairies non permanentes et STH","Fourrages annuels, prairies non permanentes et STH","Fourrages annuels, prairies non permanentes et STH","72 - Sarthe",266940838,4413121,NA
"Fourrages annuels, prairies non permanentes et STH","Fourrages annuels, prairies non permanentes et STH","Fourrages annuels, prairies non permanentes et STH","Fourrages annuels, prairies non permanentes et STH","Fourrages annuels, prairies non permanentes et STH","85 - Vendée",508596997,6381524,NA
"Fourrages annuels, prairies non permanentes et STH","Fourrages annuels, prairies non permanentes et STH","Fourrages annuels, prairies non permanentes et STH","Fourrages annuels, prairies non permanentes et STH","Fourrages annuels, prairies non permanentes et STH","22 - Côtes-d'Armor",476082873,5409910,NA
"Fourrages annuels, prairies non permanentes et STH","Fourrages annuels, prairies non permanentes et STH","Fourrages annuels, prairies non permanentes et STH","Fourrages annuels, prairies non permanentes et STH","Fourrages annuels, prairies non permanentes et STH","29 - Finistère",441055569,5307655,NA
"Fourrages annuels, prairies non permanentes et STH","Fourrages annuels, prairies non permanentes et STH","Fourrages annuels, prairies non permanentes et STH","Fourrages annuels, prairies non permanentes et STH","Fourrages annuels, prairies non permanentes et STH","35 - Ille-et-Vilaine",556084731,7020223,NA
"Fourrages annuels, prairies non permanentes et STH","Fourrages annuels, prairies non permanentes et STH","Fourrages annuels, prairies non permanentes et STH","Fourrages annuels, prairies non permanentes et STH","Fourrages annuels, prairies non permanentes et STH","56 - Morbihan",381906462,4797281,NA
"Fourrages annuels, prairies non permanentes et STH","Fourrages annuels, prairies non permanentes et STH","Fourrages annuels, prairies non permanentes et STH","Fourrages annuels, prairies non permanentes et STH","Fourrages annuels, prairies non permanentes et STH","16 - Charente",198648681,2590672,NA
"Fourrages annuels, prairies non permanentes et STH","Fourrages annuels, prairies non permanentes et STH","Fourrages annuels, prairies non permanentes et STH","Fourrages annuels, prairies non permanentes et STH","Fourrages annuels, prairies non permanentes et STH","17 - Charente-Maritime",110943774,1892191,NA
"Fourrages annuels, prairies non permanentes et STH","Fourrages annuels, prairies non permanentes et STH","Fourrages annuels, prairies non permanentes et STH","Fourrages annuels, prairies non permanentes et STH","Fourrages annuels, prairies non permanentes et STH","19 - Corrèze",235200511,4598525,NA
"Fourrages annuels, prairies non permanentes et STH","Fourrages annuels, prairies non permanentes et STH","Fourrages annuels, prairies non permanentes et STH","Fourrages annuels, prairies non permanentes et STH","Fourrages annuels, prairies non permanentes et STH","23 - Creuse",331696005,6072455,NA
"Fourrages annuels, prairies non permanentes et STH","Fourrages annuels, prairies non permanentes et STH","Fourrages annuels, prairies non permanentes et STH","Fourrages annuels, prairies non permanentes et STH","Fourrages annuels, prairies non permanentes et STH","24 - Dordogne",272244160,5067022,NA
"Fourrages annuels, prairies non permanentes et STH","Fourrages annuels, prairies non permanentes et STH","Fourrages annuels, prairies non permanentes et STH","Fourrages annuels, prairies non permanentes et STH","Fourrages annuels, prairies non permanentes et STH","33 - Gironde",73652610,1556360,NA
"Fourrages annuels, prairies non permanentes et STH","Fourrages annuels, prairies non permanentes et STH","Fourrages annuels, prairies non permanentes et STH","Fourrages annuels, prairies non permanentes et STH","Fourrages annuels, prairies non permanentes et STH","40 - Landes",58202176,810866,NA
"Fourrages annuels, prairies non permanentes et STH","Fourrages annuels, prairies non permanentes et STH","Fourrages annuels, prairies non permanentes et STH","Fourrages annuels, prairies non permanentes et STH","Fourrages annuels, prairies non permanentes et STH","47 - Lot-et-Garonne",89638451,1507085,NA
"Fourrages annuels, prairies non permanentes et STH","Fourrages annuels, prairies non permanentes et STH","Fourrages annuels, prairies non permanentes et STH","Fourrages annuels, prairies non permanentes et STH","Fourrages annuels, prairies non permanentes et STH","64 - Pyrénées-Atlantiques",391790265,6884623,NA
"Fourrages annuels, prairies non permanentes et STH","Fourrages annuels, prairies non permanentes et STH","Fourrages annuels, prairies non permanentes et STH","Fourrages annuels, prairies non permanentes et STH","Fourrages annuels, prairies non permanentes et STH","79 - Deux-Sèvres",313505078,4554909,NA
"Fourrages annuels, prairies non permanentes et STH","Fourrages annuels, prairies non permanentes et STH","Fourrages annuels, prairies non permanentes et STH","Fourrages annuels, prairies non permanentes et STH","Fourrages annuels, prairies non permanentes et STH","86 - Vienne",192442760,2761105,NA
"Fourrages annuels, prairies non permanentes et STH","Fourrages annuels, prairies non permanentes et STH","Fourrages annuels, prairies non permanentes et STH","Fourrages annuels, prairies non permanentes et STH","Fourrages annuels, prairies non permanentes et STH","87 - Haute-Vienne",368261005,5736006,NA
"Fourrages annuels, prairies non permanentes et STH","Fourrages annuels, prairies non permanentes et STH","Fourrages annuels, prairies non permanentes et STH","Fourrages annuels, prairies non permanentes et STH","Fourrages annuels, prairies non permanentes et STH","09 - Ariège",105716755,3589684,NA
"Fourrages annuels, prairies non permanentes et STH","Fourrages annuels, prairies non permanentes et STH","Fourrages annuels, prairies non permanentes et STH","Fourrages annuels, prairies non permanentes et STH","Fourrages annuels, prairies non permanentes et STH","11 - Aude",24678704,1505115,NA
"Fourrages annuels, prairies non permanentes et STH","Fourrages annuels, prairies non permanentes et STH","Fourrages annuels, prairies non permanentes et STH","Fourrages annuels, prairies non permanentes et STH","Fourrages annuels, prairies non permanentes et STH","12 - Aveyron",528547170,9729271,NA
"Fourrages annuels, prairies non permanentes et STH","Fourrages annuels, prairies non permanentes et STH","Fourrages annuels, prairies non permanentes et STH","Fourrages annuels, prairies non permanentes et STH","Fourrages annuels, prairies non permanentes et STH","30 - Gard",18977697,1429972,NA
"Fourrages annuels, prairies non permanentes et STH","Fourrages annuels, prairies non permanentes et STH","Fourrages annuels, prairies non permanentes et STH","Fourrages annuels, prairies non permanentes et STH","Fourrages annuels, prairies non permanentes et STH","31 - Haute-Garonne",119779229,2408653,NA
"Fourrages annuels, prairies non permanentes et STH","Fourrages annuels, prairies non permanentes et STH","Fourrages annuels, prairies non permanentes et STH","Fourrages annuels, prairies non permanentes et STH","Fourrages annuels, prairies non permanentes et STH","32 - Gers",97346577,1999938,NA
"Fourrages annuels, prairies non permanentes et STH","Fourrages annuels, prairies non permanentes et STH","Fourrages annuels, prairies non permanentes et STH","Fourrages annuels, prairies non permanentes et STH","Fourrages annuels, prairies non permanentes et STH","34 - Hérault",14627538,1547866,NA
"Fourrages annuels, prairies non permanentes et STH","Fourrages annuels, prairies non permanentes et STH","Fourrages annuels, prairies non permanentes et STH","Fourrages annuels, prairies non permanentes et STH","Fourrages annuels, prairies non permanentes et STH","46 - Lot",145290822,3688821,NA
"Fourrages annuels, prairies non permanentes et STH","Fourrages annuels, prairies non permanentes et STH","Fourrages annuels, prairies non permanentes et STH","Fourrages annuels, prairies non permanentes et STH","Fourrages annuels, prairies non permanentes et STH","48 - Lozère",90404513,5145339,NA
"Fourrages annuels, prairies non permanentes et STH","Fourrages annuels, prairies non permanentes et STH","Fourrages annuels, prairies non permanentes et STH","Fourrages annuels, prairies non permanentes et STH","Fourrages annuels, prairies non permanentes et STH","65 - Hautes-Pyrénées",119261603,3439721,NA
"Fourrages annuels, prairies non permanentes et STH","Fourrages annuels, prairies non permanentes et STH","Fourrages annuels, prairies non permanentes et STH","Fourrages annuels, prairies non permanentes et STH","Fourrages annuels, prairies non permanentes et STH","66 - Pyrénées-Orientales",13628711,1915682,NA
"Fourrages annuels, prairies non permanentes et STH","Fourrages annuels, prairies non permanentes et STH","Fourrages annuels, prairies non permanentes et STH","Fourrages annuels, prairies non permanentes et STH","Fourrages annuels, prairies non permanentes et STH","81 - Tarn",176174453,3075682,NA
"Fourrages annuels, prairies non permanentes et STH","Fourrages annuels, prairies non permanentes et STH","Fourrages annuels, prairies non permanentes et STH","Fourrages annuels, prairies non permanentes et STH","Fourrages annuels, prairies non permanentes et STH","82 - Tarn-et-Garonne",62214159,1302222,NA
"Fourrages annuels, prairies non permanentes et STH","Fourrages annuels, prairies non permanentes et STH","Fourrages annuels, prairies non permanentes et STH","Fourrages annuels, prairies non permanentes et STH","Fourrages annuels, prairies non permanentes et STH","01 - Ain",190019166,3133124,NA
"Fourrages annuels, prairies non permanentes et STH","Fourrages annuels, prairies non permanentes et STH","Fourrages annuels, prairies non permanentes et STH","Fourrages annuels, prairies non permanentes et STH","Fourrages annuels, prairies non permanentes et STH","03 - Allier",339748686,7692632,NA
"Fourrages annuels, prairies non permanentes et STH","Fourrages annuels, prairies non permanentes et STH","Fourrages annuels, prairies non permanentes et STH","Fourrages annuels, prairies non permanentes et STH","Fourrages annuels, prairies non permanentes et STH","07 - Ardèche",62384443,2324808,NA
"Fourrages annuels, prairies non permanentes et STH","Fourrages annuels, prairies non permanentes et STH","Fourrages annuels, prairies non permanentes et STH","Fourrages annuels, prairies non permanentes et STH","Fourrages annuels, prairies non permanentes et STH","15 - Cantal",348721511,7301363,NA
"Fourrages annuels, prairies non permanentes et STH","Fourrages annuels, prairies non permanentes et STH","Fourrages annuels, prairies non permanentes et STH","Fourrages annuels, prairies non permanentes et STH","Fourrages annuels, prairies non permanentes et STH","26 - Drôme",51852662,1751835,NA
"Fourrages annuels, prairies non permanentes et STH","Fourrages annuels, prairies non permanentes et STH","Fourrages annuels, prairies non permanentes et STH","Fourrages annuels, prairies non permanentes et STH","Fourrages annuels, prairies non permanentes et STH","38 - Isère",155857073,3832767,NA
"Fourrages annuels, prairies non permanentes et STH","Fourrages annuels, prairies non permanentes et STH","Fourrages annuels, prairies non permanentes et STH","Fourrages annuels, prairies non permanentes et STH","Fourrages annuels, prairies non permanentes et STH","42 - Loire",226067430,4828568,NA
"Fourrages annuels, prairies non permanentes et STH","Fourrages annuels, prairies non permanentes et STH","Fourrages annuels, prairies non permanentes et STH","Fourrages annuels, prairies non permanentes et STH","Fourrages annuels, prairies non permanentes et STH","43 - Haute-Loire",190102109,4148774,NA
"Fourrages annuels, prairies non permanentes et STH","Fourrages annuels, prairies non permanentes et STH","Fourrages annuels, prairies non permanentes et STH","Fourrages annuels, prairies non permanentes et STH","Fourrages annuels, prairies non permanentes et STH","63 - Puy-de-Dôme",279460781,6385737,NA
"Fourrages annuels, prairies non permanentes et STH","Fourrages annuels, prairies non permanentes et STH","Fourrages annuels, prairies non permanentes et STH","Fourrages annuels, prairies non permanentes et STH","Fourrages annuels, prairies non permanentes et STH","69 - Rhône",92015451,1920546,NA
"Fourrages annuels, prairies non permanentes et STH","Fourrages annuels, prairies non permanentes et STH","Fourrages annuels, prairies non permanentes et STH","Fourrages annuels, prairies non permanentes et STH","Fourrages annuels, prairies non permanentes et STH","73 - Savoie",72023562,2560601,NA
"Fourrages annuels, prairies non permanentes et STH","Fourrages annuels, prairies non permanentes et STH","Fourrages annuels, prairies non permanentes et STH","Fourrages annuels, prairies non permanentes et STH","Fourrages annuels, prairies non permanentes et STH","74 - Haute-Savoie",117156376,2433369,NA
"Fourrages annuels, prairies non permanentes et STH","Fourrages annuels, prairies non permanentes et STH","Fourrages annuels, prairies non permanentes et STH","Fourrages annuels, prairies non permanentes et STH","Fourrages annuels, prairies non permanentes et STH","04 - Alpes-de-Haute-Provence",44316313,3164045,NA
"Fourrages annuels, prairies non permanentes et STH","Fourrages annuels, prairies non permanentes et STH","Fourrages annuels, prairies non permanentes et STH","Fourrages annuels, prairies non permanentes et STH","Fourrages annuels, prairies non permanentes et STH","05 - Hautes-Alpes",60756343,4254741,NA
"Fourrages annuels, prairies non permanentes et STH","Fourrages annuels, prairies non permanentes et STH","Fourrages annuels, prairies non permanentes et STH","Fourrages annuels, prairies non permanentes et STH","Fourrages annuels, prairies non permanentes et STH","06 - Alpes-Maritimes",12006310,1295644,NA
"Fourrages annuels, prairies non permanentes et STH","Fourrages annuels, prairies non permanentes et STH","Fourrages annuels, prairies non permanentes et STH","Fourrages annuels, prairies non permanentes et STH","Fourrages annuels, prairies non permanentes et STH","13 - Bouches-du-Rhône",33645740,1696856,NA
"Fourrages annuels, prairies non permanentes et STH","Fourrages annuels, prairies non permanentes et STH","Fourrages annuels, prairies non permanentes et STH","Fourrages annuels, prairies non permanentes et STH","Fourrages annuels, prairies non permanentes et STH","83 - Var",10431328,706970,NA
"Fourrages annuels, prairies non permanentes et STH","Fourrages annuels, prairies non permanentes et STH","Fourrages annuels, prairies non permanentes et STH","Fourrages annuels, prairies non permanentes et STH","Fourrages annuels, prairies non permanentes et STH","84 - Vaucluse",9934742,384435,NA
"Fourrages annuels, prairies non permanentes et STH","Fourrages annuels, prairies non permanentes et STH","Fourrages annuels, prairies non permanentes et STH","Fourrages annuels, prairies non permanentes et STH","Fourrages annuels, prairies non permanentes et STH","2A - Corse-du-Sud",23820589,2535394,NA
"Fourrages annuels, prairies non permanentes et STH","Fourrages annuels, prairies non permanentes et STH","Fourrages annuels, prairies non permanentes et STH","Fourrages annuels, prairies non permanentes et STH","Fourrages annuels, prairies non permanentes et STH","2B - Haute-Corse",37736001,3403736,NA
"Fourrages annuels, prairies non permanentes et STH","Fourrages annuels","Fourrages annuels","Fourrages annuels","Fourrages annuels","971 - Guadeloupe",1320,91,NA
"Fourrages annuels, prairies non permanentes et STH","Fourrages annuels","Fourrages annuels","Fourrages annuels","Fourrages annuels","972 - Martinique",9688,642,NA
"Fourrages annuels, prairies non permanentes et STH","Fourrages annuels","Fourrages annuels","Fourrages annuels","Fourrages annuels","973 - Guyane",98939,1930,NA
"Fourrages annuels, prairies non permanentes et STH","Fourrages annuels","Fourrages annuels","Fourrages annuels","Fourrages annuels","974 - La Réunion",965090,10465,NA
"Fourrages annuels, prairies non permanentes et STH","Fourrages annuels","Fourrages annuels","Fourrages annuels","Fourrages annuels","976 - Mayotte",22500,450,NA
"Fourrages annuels, prairies non permanentes et STH","Fourrages annuels","Fourrages annuels","Fourrages annuels","Fourrages annuels","77 - Seine-et-Marne",3723185,28314,NA
"Fourrages annuels, prairies non permanentes et STH","Fourrages annuels","Fourrages annuels","Fourrages annuels","Fourrages annuels","78 - Yvelines",801090,7551,NA
"Fourrages annuels, prairies non permanentes et STH","Fourrages annuels","Fourrages annuels","Fourrages annuels","Fourrages annuels","91 - Essonne",403945,3872,NA
"Fourrages annuels, prairies non permanentes et STH","Fourrages annuels","Fourrages annuels","Fourrages annuels","Fourrages annuels","92 - Hauts-de-Seine",0,0,NA
"Fourrages annuels, prairies non permanentes et STH","Fourrages annuels","Fourrages annuels","Fourrages annuels","Fourrages annuels","93 - Seine-Saint-Denis",19680,183,NA
"Fourrages annuels, prairies non permanentes et STH","Fourrages annuels","Fourrages annuels","Fourrages annuels","Fourrages annuels","94 - Val-de-Marne",0,0,NA
"Fourrages annuels, prairies non permanentes et STH","Fourrages annuels","Fourrages annuels","Fourrages annuels","Fourrages annuels","95 - Val-d'Oise",479170,4156,NA
"Fourrages annuels, prairies non permanentes et STH","Fourrages annuels","Fourrages annuels","Fourrages annuels","Fourrages annuels","18 - Cher",7570562,91347,NA
"Fourrages annuels, prairies non permanentes et STH","Fourrages annuels","Fourrages annuels","Fourrages annuels","Fourrages annuels","28 - Eure-et-Loir",8972395,87945,NA
"Fourrages annuels, prairies non permanentes et STH","Fourrages annuels","Fourrages annuels","Fourrages annuels","Fourrages annuels","36 - Indre",12546954,148623,NA
"Fourrages annuels, prairies non permanentes et STH","Fourrages annuels","Fourrages annuels","Fourrages annuels","Fourrages annuels","37 - Indre-et-Loire",17959203,189026,NA
"Fourrages annuels, prairies non permanentes et STH","Fourrages annuels","Fourrages annuels","Fourrages annuels","Fourrages annuels","41 - Loir-et-Cher",11536195,124887,NA
"Fourrages annuels, prairies non permanentes et STH","Fourrages annuels","Fourrages annuels","Fourrages annuels","Fourrages annuels","45 - Loiret",9156791,99711,NA
"Fourrages annuels, prairies non permanentes et STH","Fourrages annuels","Fourrages annuels","Fourrages annuels","Fourrages annuels","21 - Côte-d'Or",16017223,181995,NA
"Fourrages annuels, prairies non permanentes et STH","Fourrages annuels","Fourrages annuels","Fourrages annuels","Fourrages annuels","25 - Doubs",11317829,96047,NA
"Fourrages annuels, prairies non permanentes et STH","Fourrages annuels","Fourrages annuels","Fourrages annuels","Fourrages annuels","39 - Jura",7865822,69186,NA
"Fourrages annuels, prairies non permanentes et STH","Fourrages annuels","Fourrages annuels","Fourrages annuels","Fourrages annuels","58 - Nièvre",10142895,122414,NA
"Fourrages annuels, prairies non permanentes et STH","Fourrages annuels","Fourrages annuels","Fourrages annuels","Fourrages annuels","70 - Haute-Saône",29814638,259594,NA
"Fourrages annuels, prairies non permanentes et STH","Fourrages annuels","Fourrages annuels","Fourrages annuels","Fourrages annuels","71 - Saône-et-Loire",29672903,270504,NA
"Fourrages annuels, prairies non permanentes et STH","Fourrages annuels","Fourrages annuels","Fourrages annuels","Fourrages annuels","89 - Yonne",14717727,168545,NA
"Fourrages annuels, prairies non permanentes et STH","Fourrages annuels","Fourrages annuels","Fourrages annuels","Fourrages annuels","90 - Territoire-de-Belfort",3488591,29039,NA
"Fourrages annuels, prairies non permanentes et STH","Fourrages annuels","Fourrages annuels","Fourrages annuels","Fourrages annuels","14 - Calvados",114835369,849797,NA
"Fourrages annuels, prairies non permanentes et STH","Fourrages annuels","Fourrages annuels","Fourrages annuels","Fourrages annuels","27 - Eure",39041214,299331,NA
"Fourrages annuels, prairies non permanentes et STH","Fourrages annuels","Fourrages annuels","Fourrages annuels","Fourrages annuels","50 - Manche",278132190,1971428,NA
"Fourrages annuels, prairies non permanentes et STH","Fourrages annuels","Fourrages annuels","Fourrages annuels","Fourrages annuels","61 - Orne",138429087,1070390,NA
"Fourrages annuels, prairies non permanentes et STH","Fourrages annuels","Fourrages annuels","Fourrages annuels","Fourrages annuels","76 - Seine-Maritime",113007368,798722,NA
"Fourrages annuels, prairies non permanentes et STH","Fourrages annuels","Fourrages annuels","Fourrages annuels","Fourrages annuels","02 - Aisne",35995623,255370,NA
"Fourrages annuels, prairies non permanentes et STH","Fourrages annuels","Fourrages annuels","Fourrages annuels","Fourrages annuels","59 - Nord",92958449,631981,NA
"Fourrages annuels, prairies non permanentes et STH","Fourrages annuels","Fourrages annuels","Fourrages annuels","Fourrages annuels","60 - Oise",31639652,238837,NA
"Fourrages annuels, prairies non permanentes et STH","Fourrages annuels","Fourrages annuels","Fourrages annuels","Fourrages annuels","62 - Pas-de-Calais",115450618,841642,NA
"Fourrages annuels, prairies non permanentes et STH","Fourrages annuels","Fourrages annuels","Fourrages annuels","Fourrages annuels","80 - Somme",76963078,551399,NA
"Fourrages annuels, prairies non permanentes et STH","Fourrages annuels","Fourrages annuels","Fourrages annuels","Fourrages annuels","08 - Ardennes",39027173,309054,NA
"Fourrages annuels, prairies non permanentes et STH","Fourrages annuels","Fourrages annuels","Fourrages annuels","Fourrages annuels","10 - Aube",10488341,101866,NA
"Fourrages annuels, prairies non permanentes et STH","Fourrages annuels","Fourrages annuels","Fourrages annuels","Fourrages annuels","51 - Marne",10885967,95215,NA
"Fourrages annuels, prairies non permanentes et STH","Fourrages annuels","Fourrages annuels","Fourrages annuels","Fourrages annuels","52 - Haute-Marne",36675100,356417,NA
"Fourrages annuels, prairies non permanentes et STH","Fourrages annuels","Fourrages annuels","Fourrages annuels","Fourrages annuels","54 - Meurthe-et-Moselle",45556294,423430,NA
"Fourrages annuels, prairies non permanentes et STH","Fourrages annuels","Fourrages annuels","Fourrages annuels","Fourrages annuels","55 - Meuse",49080786,452528,NA
"Fourrages annuels, prairies non permanentes et STH","Fourrages annuels","Fourrages annuels","Fourrages annuels","Fourrages annuels","57 - Moselle",47973891,436437,NA
"Fourrages annuels, prairies non permanentes et STH","Fourrages annuels","Fourrages annuels","Fourrages annuels","Fourrages annuels","67 - Bas-Rhin",24832296,187624,NA
"Fourrages annuels, prairies non permanentes et STH","Fourrages annuels","Fourrages annuels","Fourrages annuels","Fourrages annuels","68 - Haut-Rhin",15074429,101824,NA
"Fourrages annuels, prairies non permanentes et STH","Fourrages annuels","Fourrages annuels","Fourrages annuels","Fourrages annuels","88 - Vosges",39831788,371639,NA
"Fourrages annuels, prairies non permanentes et STH","Fourrages annuels","Fourrages annuels","Fourrages annuels","Fourrages annuels","44 - Loire-Atlantique",135140781,1453212,NA
"Fourrages annuels, prairies non permanentes et STH","Fourrages annuels","Fourrages annuels","Fourrages annuels","Fourrages annuels","49 - Maine-et-Loire",116079190,1121037,NA
"Fourrages annuels, prairies non permanentes et STH","Fourrages annuels","Fourrages annuels","Fourrages annuels","Fourrages annuels","53 - Mayenne",219888403,2114086,NA
"Fourrages annuels, prairies non permanentes et STH","Fourrages annuels","Fourrages annuels","Fourrages annuels","Fourrages annuels","72 - Sarthe",91917850,906172,NA
"Fourrages annuels, prairies non permanentes et STH","Fourrages annuels","Fourrages annuels","Fourrages annuels","Fourrages annuels","85 - Vendée",171908128,1881708,NA
"Fourrages annuels, prairies non permanentes et STH","Fourrages annuels","Fourrages annuels","Fourrages annuels","Fourrages annuels","22 - Côtes-d'Armor",234347059,1951266,NA
"Fourrages annuels, prairies non permanentes et STH","Fourrages annuels","Fourrages annuels","Fourrages annuels","Fourrages annuels","29 - Finistère",201280814,1938932,NA
"Fourrages annuels, prairies non permanentes et STH","Fourrages annuels","Fourrages annuels","Fourrages annuels","Fourrages annuels","35 - Ille-et-Vilaine",294174702,3009836,NA
"Fourrages annuels, prairies non permanentes et STH","Fourrages annuels","Fourrages annuels","Fourrages annuels","Fourrages annuels","56 - Morbihan",167834506,1463202,NA
"Fourrages annuels, prairies non permanentes et STH","Fourrages annuels","Fourrages annuels","Fourrages annuels","Fourrages annuels","16 - Charente",26975258,261234,NA
"Fourrages annuels, prairies non permanentes et STH","Fourrages annuels","Fourrages annuels","Fourrages annuels","Fourrages annuels","17 - Charente-Maritime",25609333,258442,NA
"Fourrages annuels, prairies non permanentes et STH","Fourrages annuels","Fourrages annuels","Fourrages annuels","Fourrages annuels","19 - Corrèze",8594414,83532,NA
"Fourrages annuels, prairies non permanentes et STH","Fourrages annuels","Fourrages annuels","Fourrages annuels","Fourrages annuels","23 - Creuse",24061645,219415,NA
"Fourrages annuels, prairies non permanentes et STH","Fourrages annuels","Fourrages annuels","Fourrages annuels","Fourrages annuels","24 - Dordogne",35118331,336340,NA
"Fourrages annuels, prairies non permanentes et STH","Fourrages annuels","Fourrages annuels","Fourrages annuels","Fourrages annuels","33 - Gironde",10285099,90642,NA
"Fourrages annuels, prairies non permanentes et STH","Fourrages annuels","Fourrages annuels","Fourrages annuels","Fourrages annuels","40 - Landes",22666217,160506,NA
"Fourrages annuels, prairies non permanentes et STH","Fourrages annuels","Fourrages annuels","Fourrages annuels","Fourrages annuels","47 - Lot-et-Garonne",25970101,209039,NA
"Fourrages annuels, prairies non permanentes et STH","Fourrages annuels","Fourrages annuels","Fourrages annuels","Fourrages annuels","64 - Pyrénées-Atlantiques",69500856,559084,NA
"Fourrages annuels, prairies non permanentes et STH","Fourrages annuels","Fourrages annuels","Fourrages annuels","Fourrages annuels","79 - Deux-Sèvres",83219275,852795,NA
"Fourrages annuels, prairies non permanentes et STH","Fourrages annuels","Fourrages annuels","Fourrages annuels","Fourrages annuels","86 - Vienne",29384974,318549,NA
"Fourrages annuels, prairies non permanentes et STH","Fourrages annuels","Fourrages annuels","Fourrages annuels","Fourrages annuels","87 - Haute-Vienne",38693823,358927,NA
"Fourrages annuels, prairies non permanentes et STH","Fourrages annuels","Fourrages annuels","Fourrages annuels","Fourrages annuels","09 - Ariège",8164881,101763,NA
"Fourrages annuels, prairies non permanentes et STH","Fourrages annuels","Fourrages annuels","Fourrages annuels","Fourrages annuels","11 - Aude",1690992,22785,NA
"Fourrages annuels, prairies non permanentes et STH","Fourrages annuels","Fourrages annuels","Fourrages annuels","Fourrages annuels","12 - Aveyron",33125279,354871,NA
"Fourrages annuels, prairies non permanentes et STH","Fourrages annuels","Fourrages annuels","Fourrages annuels","Fourrages annuels","30 - Gard",317535,11424,NA
"Fourrages annuels, prairies non permanentes et STH","Fourrages annuels","Fourrages annuels","Fourrages annuels","Fourrages annuels","31 - Haute-Garonne",15169040,162163,NA
"Fourrages annuels, prairies non permanentes et STH","Fourrages annuels","Fourrages annuels","Fourrages annuels","Fourrages annuels","32 - Gers",8440224,90310,NA
"Fourrages annuels, prairies non permanentes et STH","Fourrages annuels","Fourrages annuels","Fourrages annuels","Fourrages annuels","34 - Hérault",432077,13364,NA
"Fourrages annuels, prairies non permanentes et STH","Fourrages annuels","Fourrages annuels","Fourrages annuels","Fourrages annuels","46 - Lot",10978545,150312,NA
"Fourrages annuels, prairies non permanentes et STH","Fourrages annuels","Fourrages annuels","Fourrages annuels","Fourrages annuels","48 - Lozère",695266,17062,NA
"Fourrages annuels, prairies non permanentes et STH","Fourrages annuels","Fourrages annuels","Fourrages annuels","Fourrages annuels","65 - Hautes-Pyrénées",12324438,115067,NA
"Fourrages annuels, prairies non permanentes et STH","Fourrages annuels","Fourrages annuels","Fourrages annuels","Fourrages annuels","66 - Pyrénées-Orientales",324803,9740,NA
"Fourrages annuels, prairies non permanentes et STH","Fourrages annuels","Fourrages annuels","Fourrages annuels","Fourrages annuels","81 - Tarn",16264834,182880,NA
"Fourrages annuels, prairies non permanentes et STH","Fourrages annuels","Fourrages annuels","Fourrages annuels","Fourrages annuels","82 - Tarn-et-Garonne",10020266,106418,NA
"Fourrages annuels, prairies non permanentes et STH","Fourrages annuels","Fourrages annuels","Fourrages annuels","Fourrages annuels","01 - Ain",37449598,300852,NA
"Fourrages annuels, prairies non permanentes et STH","Fourrages annuels","Fourrages annuels","Fourrages annuels","Fourrages annuels","03 - Allier",23188561,227421,NA
"Fourrages annuels, prairies non permanentes et STH","Fourrages annuels","Fourrages annuels","Fourrages annuels","Fourrages annuels","07 - Ardèche",3440873,38230,NA
"Fourrages annuels, prairies non permanentes et STH","Fourrages annuels","Fourrages annuels","Fourrages annuels","Fourrages annuels","15 - Cantal",13741413,130490,NA
"Fourrages annuels, prairies non permanentes et STH","Fourrages annuels","Fourrages annuels","Fourrages annuels","Fourrages annuels","26 - Drôme",3835962,39802,NA
"Fourrages annuels, prairies non permanentes et STH","Fourrages annuels","Fourrages annuels","Fourrages annuels","Fourrages annuels","38 - Isère",25713429,250612,NA
"Fourrages annuels, prairies non permanentes et STH","Fourrages annuels","Fourrages annuels","Fourrages annuels","Fourrages annuels","42 - Loire",30547760,306954,NA
"Fourrages annuels, prairies non permanentes et STH","Fourrages annuels","Fourrages annuels","Fourrages annuels","Fourrages annuels","43 - Haute-Loire",16356498,194509,NA
"Fourrages annuels, prairies non permanentes et STH","Fourrages annuels","Fourrages annuels","Fourrages annuels","Fourrages annuels","63 - Puy-de-Dôme",13669894,135748,NA
"Fourrages annuels, prairies non permanentes et STH","Fourrages annuels","Fourrages annuels","Fourrages annuels","Fourrages annuels","69 - Rhône",16769335,176069,NA
"Fourrages annuels, prairies non permanentes et STH","Fourrages annuels","Fourrages annuels","Fourrages annuels","Fourrages annuels","73 - Savoie",2980948,25912,NA
"Fourrages annuels, prairies non permanentes et STH","Fourrages annuels","Fourrages annuels","Fourrages annuels","Fourrages annuels","74 - Haute-Savoie",6249481,66112,NA
"Fourrages annuels, prairies non permanentes et STH","Fourrages annuels","Fourrages annuels","Fourrages annuels","Fourrages annuels","04 - Alpes-de-Haute-Provence",1700584,22711,NA
"Fourrages annuels, prairies non permanentes et STH","Fourrages annuels","Fourrages annuels","Fourrages annuels","Fourrages annuels","05 - Hautes-Alpes",1333428,15697,NA
"Fourrages annuels, prairies non permanentes et STH","Fourrages annuels","Fourrages annuels","Fourrages annuels","Fourrages annuels","06 - Alpes-Maritimes",81324,1583,NA
"Fourrages annuels, prairies non permanentes et STH","Fourrages annuels","Fourrages annuels","Fourrages annuels","Fourrages annuels","13 - Bouches-du-Rhône",1768932,23902,NA
"Fourrages annuels, prairies non permanentes et STH","Fourrages annuels","Fourrages annuels","Fourrages annuels","Fourrages annuels","83 - Var",1870686,34046,NA
"Fourrages annuels, prairies non permanentes et STH","Fourrages annuels","Fourrages annuels","Fourrages annuels","Fourrages annuels","84 - Vaucluse",312080,4722,NA
"Fourrages annuels, prairies non permanentes et STH","Fourrages annuels","Fourrages annuels","Fourrages annuels","Fourrages annuels","2A - Corse-du-Sud",131281,3450,NA
"Fourrages annuels, prairies non permanentes et STH","Fourrages annuels","Fourrages annuels","Fourrages annuels","Fourrages annuels","2B - Haute-Corse",743382,16662,NA
"Fourrages annuels, prairies non permanentes et STH","Fourrages annuels","Maïs fourrage et ensilage (plante entière)","Maïs fourrage et ensilage (plante entière)","Maïs fourrage et ensilage (plante entière)","971 - Guadeloupe",0,0,NA
"Fourrages annuels, prairies non permanentes et STH","Fourrages annuels","Maïs fourrage et ensilage (plante entière)","Maïs fourrage et ensilage (plante entière)","Maïs fourrage et ensilage (plante entière)","972 - Martinique",8292,152,54.6
"Fourrages annuels, prairies non permanentes et STH","Fourrages annuels","Maïs fourrage et ensilage (plante entière)","Maïs fourrage et ensilage (plante entière)","Maïs fourrage et ensilage (plante entière)","973 - Guyane",1834,117,19.5
"Fourrages annuels, prairies non permanentes et STH","Fourrages annuels","Maïs fourrage et ensilage (plante entière)","Maïs fourrage et ensilage (plante entière)","Maïs fourrage et ensilage (plante entière)","974 - La Réunion",144000,3358,120
"Fourrages annuels, prairies non permanentes et STH","Fourrages annuels","Maïs fourrage et ensilage (plante entière)","Maïs fourrage et ensilage (plante entière)","Maïs fourrage et ensilage (plante entière)","976 - Mayotte",0,0,NA
"Fourrages annuels, prairies non permanentes et STH","Fourrages annuels","Maïs fourrage et ensilage (plante entière)","Maïs fourrage et ensilage (plante entière)","Maïs fourrage et ensilage (plante entière)","77 - Seine-et-Marne",2508900,21996,114.1
"Fourrages annuels, prairies non permanentes et STH","Fourrages annuels","Maïs fourrage et ensilage (plante entière)","Maïs fourrage et ensilage (plante entière)","Maïs fourrage et ensilage (plante entière)","78 - Yvelines",659450,6224,106
"Fourrages annuels, prairies non permanentes et STH","Fourrages annuels","Maïs fourrage et ensilage (plante entière)","Maïs fourrage et ensilage (plante entière)","Maïs fourrage et ensilage (plante entière)","91 - Essonne",271090,2688,100.9
"Fourrages annuels, prairies non permanentes et STH","Fourrages annuels","Maïs fourrage et ensilage (plante entière)","Maïs fourrage et ensilage (plante entière)","Maïs fourrage et ensilage (plante entière)","92 - Hauts-de-Seine",0,0,NA
"Fourrages annuels, prairies non permanentes et STH","Fourrages annuels","Maïs fourrage et ensilage (plante entière)","Maïs fourrage et ensilage (plante entière)","Maïs fourrage et ensilage (plante entière)","93 - Seine-Saint-Denis",19180,178,107.8
"Fourrages annuels, prairies non permanentes et STH","Fourrages annuels","Maïs fourrage et ensilage (plante entière)","Maïs fourrage et ensilage (plante entière)","Maïs fourrage et ensilage (plante entière)","94 - Val-de-Marne",0,0,NA
"Fourrages annuels, prairies non permanentes et STH","Fourrages annuels","Maïs fourrage et ensilage (plante entière)","Maïs fourrage et ensilage (plante entière)","Maïs fourrage et ensilage (plante entière)","95 - Val-d'Oise",372015,3602,103.3
"Fourrages annuels, prairies non permanentes et STH","Fourrages annuels","Maïs fourrage et ensilage (plante entière)","Maïs fourrage et ensilage (plante entière)","Maïs fourrage et ensilage (plante entière)","18 - Cher",6859391,78114,87.8
"Fourrages annuels, prairies non permanentes et STH","Fourrages annuels","Maïs fourrage et ensilage (plante entière)","Maïs fourrage et ensilage (plante entière)","Maïs fourrage et ensilage (plante entière)","28 - Eure-et-Loir",8546114,79019,108.2
"Fourrages annuels, prairies non permanentes et STH","Fourrages annuels","Maïs fourrage et ensilage (plante entière)","Maïs fourrage et ensilage (plante entière)","Maïs fourrage et ensilage (plante entière)","36 - Indre",11756283,134362,87.5
"Fourrages annuels, prairies non permanentes et STH","Fourrages annuels","Maïs fourrage et ensilage (plante entière)","Maïs fourrage et ensilage (plante entière)","Maïs fourrage et ensilage (plante entière)","37 - Indre-et-Loire",17623036,181957,96.9
"Fourrages annuels, prairies non permanentes et STH","Fourrages annuels","Maïs fourrage et ensilage (plante entière)","Maïs fourrage et ensilage (plante entière)","Maïs fourrage et ensilage (plante entière)","41 - Loir-et-Cher",10892773,112633,96.7
"Fourrages annuels, prairies non permanentes et STH","Fourrages annuels","Maïs fourrage et ensilage (plante entière)","Maïs fourrage et ensilage (plante entière)","Maïs fourrage et ensilage (plante entière)","45 - Loiret",8488291,83488,101.7
"Fourrages annuels, prairies non permanentes et STH","Fourrages annuels","Maïs fourrage et ensilage (plante entière)","Maïs fourrage et ensilage (plante entière)","Maïs fourrage et ensilage (plante entière)","21 - Côte-d'Or",15339780,167340,91.7
"Fourrages annuels, prairies non permanentes et STH","Fourrages annuels","Maïs fourrage et ensilage (plante entière)","Maïs fourrage et ensilage (plante entière)","Maïs fourrage et ensilage (plante entière)","25 - Doubs",11236249,94906,118.4
"Fourrages annuels, prairies non permanentes et STH","Fourrages annuels","Maïs fourrage et ensilage (plante entière)","Maïs fourrage et ensilage (plante entière)","Maïs fourrage et ensilage (plante entière)","39 - Jura",7574033,64788,116.9
"Fourrages annuels, prairies non permanentes et STH","Fourrages annuels","Maïs fourrage et ensilage (plante entière)","Maïs fourrage et ensilage (plante entière)","Maïs fourrage et ensilage (plante entière)","58 - Nièvre",9601290,109965,87.3
"Fourrages annuels, prairies non permanentes et STH","Fourrages annuels","Maïs fourrage et ensilage (plante entière)","Maïs fourrage et ensilage (plante entière)","Maïs fourrage et ensilage (plante entière)","70 - Haute-Saône",29594798,255329,115.9
"Fourrages annuels, prairies non permanentes et STH","Fourrages annuels","Maïs fourrage et ensilage (plante entière)","Maïs fourrage et ensilage (plante entière)","Maïs fourrage et ensilage (plante entière)","71 - Saône-et-Loire",29276580,263235,111.2
"Fourrages annuels, prairies non permanentes et STH","Fourrages annuels","Maïs fourrage et ensilage (plante entière)","Maïs fourrage et ensilage (plante entière)","Maïs fourrage et ensilage (plante entière)","89 - Yonne",13964280,153160,91.2
"Fourrages annuels, prairies non permanentes et STH","Fourrages annuels","Maïs fourrage et ensilage (plante entière)","Maïs fourrage et ensilage (plante entière)","Maïs fourrage et ensilage (plante entière)","90 - Territoire-de-Belfort",3468651,28787,120.5
"Fourrages annuels, prairies non permanentes et STH","Fourrages annuels","Maïs fourrage et ensilage (plante entière)","Maïs fourrage et ensilage (plante entière)","Maïs fourrage et ensilage (plante entière)","14 - Calvados",114152583,842371,135.5
"Fourrages annuels, prairies non permanentes et STH","Fourrages annuels","Maïs fourrage et ensilage (plante entière)","Maïs fourrage et ensilage (plante entière)","Maïs fourrage et ensilage (plante entière)","27 - Eure",38753319,288715,134.2
"Fourrages annuels, prairies non permanentes et STH","Fourrages annuels","Maïs fourrage et ensilage (plante entière)","Maïs fourrage et ensilage (plante entière)","Maïs fourrage et ensilage (plante entière)","50 - Manche",277500276,1965984,141.2
"Fourrages annuels, prairies non permanentes et STH","Fourrages annuels","Maïs fourrage et ensilage (plante entière)","Maïs fourrage et ensilage (plante entière)","Maïs fourrage et ensilage (plante entière)","61 - Orne",135916117,1046042,129.9
"Fourrages annuels, prairies non permanentes et STH","Fourrages annuels","Maïs fourrage et ensilage (plante entière)","Maïs fourrage et ensilage (plante entière)","Maïs fourrage et ensilage (plante entière)","76 - Seine-Maritime",112427628,775675,144.9
"Fourrages annuels, prairies non permanentes et STH","Fourrages annuels","Maïs fourrage et ensilage (plante entière)","Maïs fourrage et ensilage (plante entière)","Maïs fourrage et ensilage (plante entière)","02 - Aisne",35145022,243505,144.3
"Fourrages annuels, prairies non permanentes et STH","Fourrages annuels","Maïs fourrage et ensilage (plante entière)","Maïs fourrage et ensilage (plante entière)","Maïs fourrage et ensilage (plante entière)","59 - Nord",92466841,622266,148.6
"Fourrages annuels, prairies non permanentes et STH","Fourrages annuels","Maïs fourrage et ensilage (plante entière)","Maïs fourrage et ensilage (plante entière)","Maïs fourrage et ensilage (plante entière)","60 - Oise",30262619,215279,140.6
"Fourrages annuels, prairies non permanentes et STH","Fourrages annuels","Maïs fourrage et ensilage (plante entière)","Maïs fourrage et ensilage (plante entière)","Maïs fourrage et ensilage (plante entière)","62 - Pas-de-Calais",112601421,779732,144.4
"Fourrages annuels, prairies non permanentes et STH","Fourrages annuels","Maïs fourrage et ensilage (plante entière)","Maïs fourrage et ensilage (plante entière)","Maïs fourrage et ensilage (plante entière)","80 - Somme",75085456,515968,145.5
"Fourrages annuels, prairies non permanentes et STH","Fourrages annuels","Maïs fourrage et ensilage (plante entière)","Maïs fourrage et ensilage (plante entière)","Maïs fourrage et ensilage (plante entière)","08 - Ardennes",38605393,303184,127.3
"Fourrages annuels, prairies non permanentes et STH","Fourrages annuels","Maïs fourrage et ensilage (plante entière)","Maïs fourrage et ensilage (plante entière)","Maïs fourrage et ensilage (plante entière)","10 - Aube",9741565,92869,104.9
"Fourrages annuels, prairies non permanentes et STH","Fourrages annuels","Maïs fourrage et ensilage (plante entière)","Maïs fourrage et ensilage (plante entière)","Maïs fourrage et ensilage (plante entière)","51 - Marne",9937341,84228,118
"Fourrages annuels, prairies non permanentes et STH","Fourrages annuels","Maïs fourrage et ensilage (plante entière)","Maïs fourrage et ensilage (plante entière)","Maïs fourrage et ensilage (plante entière)","52 - Haute-Marne",34647296,327644,105.7
"Fourrages annuels, prairies non permanentes et STH","Fourrages annuels","Maïs fourrage et ensilage (plante entière)","Maïs fourrage et ensilage (plante entière)","Maïs fourrage et ensilage (plante entière)","54 - Meurthe-et-Moselle",45159175,411575,109.7
"Fourrages annuels, prairies non permanentes et STH","Fourrages annuels","Maïs fourrage et ensilage (plante entière)","Maïs fourrage et ensilage (plante entière)","Maïs fourrage et ensilage (plante entière)","55 - Meuse",48440414,439589,110.2
"Fourrages annuels, prairies non permanentes et STH","Fourrages annuels","Maïs fourrage et ensilage (plante entière)","Maïs fourrage et ensilage (plante entière)","Maïs fourrage et ensilage (plante entière)","57 - Moselle",47297380,422282,112
"Fourrages annuels, prairies non permanentes et STH","Fourrages annuels","Maïs fourrage et ensilage (plante entière)","Maïs fourrage et ensilage (plante entière)","Maïs fourrage et ensilage (plante entière)","67 - Bas-Rhin",24020679,172810,139
"Fourrages annuels, prairies non permanentes et STH","Fourrages annuels","Maïs fourrage et ensilage (plante entière)","Maïs fourrage et ensilage (plante entière)","Maïs fourrage et ensilage (plante entière)","68 - Haut-Rhin",13944798,91899,151.7
"Fourrages annuels, prairies non permanentes et STH","Fourrages annuels","Maïs fourrage et ensilage (plante entière)","Maïs fourrage et ensilage (plante entière)","Maïs fourrage et ensilage (plante entière)","88 - Vosges",39431300,361206,109.2
"Fourrages annuels, prairies non permanentes et STH","Fourrages annuels","Maïs fourrage et ensilage (plante entière)","Maïs fourrage et ensilage (plante entière)","Maïs fourrage et ensilage (plante entière)","44 - Loire-Atlantique",124703025,1085569,114.9
"Fourrages annuels, prairies non permanentes et STH","Fourrages annuels","Maïs fourrage et ensilage (plante entière)","Maïs fourrage et ensilage (plante entière)","Maïs fourrage et ensilage (plante entière)","49 - Maine-et-Loire",111015981,954416,116.3
"Fourrages annuels, prairies non permanentes et STH","Fourrages annuels","Maïs fourrage et ensilage (plante entière)","Maïs fourrage et ensilage (plante entière)","Maïs fourrage et ensilage (plante entière)","53 - Mayenne",204633113,1666035,122.8
"Fourrages annuels, prairies non permanentes et STH","Fourrages annuels","Maïs fourrage et ensilage (plante entière)","Maïs fourrage et ensilage (plante entière)","Maïs fourrage et ensilage (plante entière)","72 - Sarthe",87549021,751198,116.5
"Fourrages annuels, prairies non permanentes et STH","Fourrages annuels","Maïs fourrage et ensilage (plante entière)","Maïs fourrage et ensilage (plante entière)","Maïs fourrage et ensilage (plante entière)","85 - Vendée",147275289,1242620,118.5
"Fourrages annuels, prairies non permanentes et STH","Fourrages annuels","Maïs fourrage et ensilage (plante entière)","Maïs fourrage et ensilage (plante entière)","Maïs fourrage et ensilage (plante entière)","22 - Côtes-d'Armor",222207379,1750570,126.9
"Fourrages annuels, prairies non permanentes et STH","Fourrages annuels","Maïs fourrage et ensilage (plante entière)","Maïs fourrage et ensilage (plante entière)","Maïs fourrage et ensilage (plante entière)","29 - Finistère",173819310,1385272,125.5
"Fourrages annuels, prairies non permanentes et STH","Fourrages annuels","Maïs fourrage et ensilage (plante entière)","Maïs fourrage et ensilage (plante entière)","Maïs fourrage et ensilage (plante entière)","35 - Ille-et-Vilaine",262421984,2036226,128.9
"Fourrages annuels, prairies non permanentes et STH","Fourrages annuels","Maïs fourrage et ensilage (plante entière)","Maïs fourrage et ensilage (plante entière)","Maïs fourrage et ensilage (plante entière)","56 - Morbihan",158524230,1263162,125.5
"Fourrages annuels, prairies non permanentes et STH","Fourrages annuels","Maïs fourrage et ensilage (plante entière)","Maïs fourrage et ensilage (plante entière)","Maïs fourrage et ensilage (plante entière)","16 - Charente",23243830,209518,110.9
"Fourrages annuels, prairies non permanentes et STH","Fourrages annuels","Maïs fourrage et ensilage (plante entière)","Maïs fourrage et ensilage (plante entière)","Maïs fourrage et ensilage (plante entière)","17 - Charente-Maritime",20127057,164037,122.7
"Fourrages annuels, prairies non permanentes et STH","Fourrages annuels","Maïs fourrage et ensilage (plante entière)","Maïs fourrage et ensilage (plante entière)","Maïs fourrage et ensilage (plante entière)","19 - Corrèze",7860804,74293,105.8
"Fourrages annuels, prairies non permanentes et STH","Fourrages annuels","Maïs fourrage et ensilage (plante entière)","Maïs fourrage et ensilage (plante entière)","Maïs fourrage et ensilage (plante entière)","23 - Creuse",23245870,206862,112.4
"Fourrages annuels, prairies non permanentes et STH","Fourrages annuels","Maïs fourrage et ensilage (plante entière)","Maïs fourrage et ensilage (plante entière)","Maïs fourrage et ensilage (plante entière)","24 - Dordogne",32022125,296570,108
"Fourrages annuels, prairies non permanentes et STH","Fourrages annuels","Maïs fourrage et ensilage (plante entière)","Maïs fourrage et ensilage (plante entière)","Maïs fourrage et ensilage (plante entière)","33 - Gironde",9011360,68570,131.4
"Fourrages annuels, prairies non permanentes et STH","Fourrages annuels","Maïs fourrage et ensilage (plante entière)","Maïs fourrage et ensilage (plante entière)","Maïs fourrage et ensilage (plante entière)","40 - Landes",19151943,129705,147.7
"Fourrages annuels, prairies non permanentes et STH","Fourrages annuels","Maïs fourrage et ensilage (plante entière)","Maïs fourrage et ensilage (plante entière)","Maïs fourrage et ensilage (plante entière)","47 - Lot-et-Garonne",23975530,173302,138.3
"Fourrages annuels, prairies non permanentes et STH","Fourrages annuels","Maïs fourrage et ensilage (plante entière)","Maïs fourrage et ensilage (plante entière)","Maïs fourrage et ensilage (plante entière)","64 - Pyrénées-Atlantiques",65609072,479989,136.7
"Fourrages annuels, prairies non permanentes et STH","Fourrages annuels","Maïs fourrage et ensilage (plante entière)","Maïs fourrage et ensilage (plante entière)","Maïs fourrage et ensilage (plante entière)","79 - Deux-Sèvres",71677929,623042,115
"Fourrages annuels, prairies non permanentes et STH","Fourrages annuels","Maïs fourrage et ensilage (plante entière)","Maïs fourrage et ensilage (plante entière)","Maïs fourrage et ensilage (plante entière)","86 - Vienne",25243468,237806,106.2
"Fourrages annuels, prairies non permanentes et STH","Fourrages annuels","Maïs fourrage et ensilage (plante entière)","Maïs fourrage et ensilage (plante entière)","Maïs fourrage et ensilage (plante entière)","87 - Haute-Vienne",36386980,334153,108.9
"Fourrages annuels, prairies non permanentes et STH","Fourrages annuels","Maïs fourrage et ensilage (plante entière)","Maïs fourrage et ensilage (plante entière)","Maïs fourrage et ensilage (plante entière)","09 - Ariège",7181821,70624,101.7
"Fourrages annuels, prairies non permanentes et STH","Fourrages annuels","Maïs fourrage et ensilage (plante entière)","Maïs fourrage et ensilage (plante entière)","Maïs fourrage et ensilage (plante entière)","11 - Aude",1287099,14081,91.4
"Fourrages annuels, prairies non permanentes et STH","Fourrages annuels","Maïs fourrage et ensilage (plante entière)","Maïs fourrage et ensilage (plante entière)","Maïs fourrage et ensilage (plante entière)","12 - Aveyron",31103309,298168,104.3
"Fourrages annuels, prairies non permanentes et STH","Fourrages annuels","Maïs fourrage et ensilage (plante entière)","Maïs fourrage et ensilage (plante entière)","Maïs fourrage et ensilage (plante entière)","30 - Gard",4895,71,68.9
"Fourrages annuels, prairies non permanentes et STH","Fourrages annuels","Maïs fourrage et ensilage (plante entière)","Maïs fourrage et ensilage (plante entière)","Maïs fourrage et ensilage (plante entière)","31 - Haute-Garonne",13918336,129537,107.4
"Fourrages annuels, prairies non permanentes et STH","Fourrages annuels","Maïs fourrage et ensilage (plante entière)","Maïs fourrage et ensilage (plante entière)","Maïs fourrage et ensilage (plante entière)","32 - Gers",7361606,67972,108.3
"Fourrages annuels, prairies non permanentes et STH","Fourrages annuels","Maïs fourrage et ensilage (plante entière)","Maïs fourrage et ensilage (plante entière)","Maïs fourrage et ensilage (plante entière)","34 - Hérault",56918,738,77.1
"Fourrages annuels, prairies non permanentes et STH","Fourrages annuels","Maïs fourrage et ensilage (plante entière)","Maïs fourrage et ensilage (plante entière)","Maïs fourrage et ensilage (plante entière)","46 - Lot",9030481,102708,87.9
"Fourrages annuels, prairies non permanentes et STH","Fourrages annuels","Maïs fourrage et ensilage (plante entière)","Maïs fourrage et ensilage (plante entière)","Maïs fourrage et ensilage (plante entière)","48 - Lozère",387753,5144,75.4
"Fourrages annuels, prairies non permanentes et STH","Fourrages annuels","Maïs fourrage et ensilage (plante entière)","Maïs fourrage et ensilage (plante entière)","Maïs fourrage et ensilage (plante entière)","65 - Hautes-Pyrénées",11412582,97905,116.6
"Fourrages annuels, prairies non permanentes et STH","Fourrages annuels","Maïs fourrage et ensilage (plante entière)","Maïs fourrage et ensilage (plante entière)","Maïs fourrage et ensilage (plante entière)","66 - Pyrénées-Orientales",120440,1519,79.3
"Fourrages annuels, prairies non permanentes et STH","Fourrages annuels","Maïs fourrage et ensilage (plante entière)","Maïs fourrage et ensilage (plante entière)","Maïs fourrage et ensilage (plante entière)","81 - Tarn",14853473,140621,105.6
"Fourrages annuels, prairies non permanentes et STH","Fourrages annuels","Maïs fourrage et ensilage (plante entière)","Maïs fourrage et ensilage (plante entière)","Maïs fourrage et ensilage (plante entière)","82 - Tarn-et-Garonne",8896739,77308,115.1
"Fourrages annuels, prairies non permanentes et STH","Fourrages annuels","Maïs fourrage et ensilage (plante entière)","Maïs fourrage et ensilage (plante entière)","Maïs fourrage et ensilage (plante entière)","01 - Ain",37204005,297245,125.2
"Fourrages annuels, prairies non permanentes et STH","Fourrages annuels","Maïs fourrage et ensilage (plante entière)","Maïs fourrage et ensilage (plante entière)","Maïs fourrage et ensilage (plante entière)","03 - Allier",22150433,210597,105.2
"Fourrages annuels, prairies non permanentes et STH","Fourrages annuels","Maïs fourrage et ensilage (plante entière)","Maïs fourrage et ensilage (plante entière)","Maïs fourrage et ensilage (plante entière)","07 - Ardèche",2792100,27372,102
"Fourrages annuels, prairies non permanentes et STH","Fourrages annuels","Maïs fourrage et ensilage (plante entière)","Maïs fourrage et ensilage (plante entière)","Maïs fourrage et ensilage (plante entière)","15 - Cantal",13587074,127278,106.8
"Fourrages annuels, prairies non permanentes et STH","Fourrages annuels","Maïs fourrage et ensilage (plante entière)","Maïs fourrage et ensilage (plante entière)","Maïs fourrage et ensilage (plante entière)","26 - Drôme",3362027,30889,108.8
"Fourrages annuels, prairies non permanentes et STH","Fourrages annuels","Maïs fourrage et ensilage (plante entière)","Maïs fourrage et ensilage (plante entière)","Maïs fourrage et ensilage (plante entière)","38 - Isère",25116935,234723,107
"Fourrages annuels, prairies non permanentes et STH","Fourrages annuels","Maïs fourrage et ensilage (plante entière)","Maïs fourrage et ensilage (plante entière)","Maïs fourrage et ensilage (plante entière)","42 - Loire",30383644,303394,100.1
"Fourrages annuels, prairies non permanentes et STH","Fourrages annuels","Maïs fourrage et ensilage (plante entière)","Maïs fourrage et ensilage (plante entière)","Maïs fourrage et ensilage (plante entière)","43 - Haute-Loire",15772635,180354,87.5
"Fourrages annuels, prairies non permanentes et STH","Fourrages annuels","Maïs fourrage et ensilage (plante entière)","Maïs fourrage et ensilage (plante entière)","Maïs fourrage et ensilage (plante entière)","63 - Puy-de-Dôme",13419413,131229,102.3
"Fourrages annuels, prairies non permanentes et STH","Fourrages annuels","Maïs fourrage et ensilage (plante entière)","Maïs fourrage et ensilage (plante entière)","Maïs fourrage et ensilage (plante entière)","69 - Rhône",16464117,169618,97.1
"Fourrages annuels, prairies non permanentes et STH","Fourrages annuels","Maïs fourrage et ensilage (plante entière)","Maïs fourrage et ensilage (plante entière)","Maïs fourrage et ensilage (plante entière)","73 - Savoie",2926585,25195,116.2
"Fourrages annuels, prairies non permanentes et STH","Fourrages annuels","Maïs fourrage et ensilage (plante entière)","Maïs fourrage et ensilage (plante entière)","Maïs fourrage et ensilage (plante entière)","74 - Haute-Savoie",6241896,66003,94.6
"Fourrages annuels, prairies non permanentes et STH","Fourrages annuels","Maïs fourrage et ensilage (plante entière)","Maïs fourrage et ensilage (plante entière)","Maïs fourrage et ensilage (plante entière)","04 - Alpes-de-Haute-Provence",112342,1171,95.9
"Fourrages annuels, prairies non permanentes et STH","Fourrages annuels","Maïs fourrage et ensilage (plante entière)","Maïs fourrage et ensilage (plante entière)","Maïs fourrage et ensilage (plante entière)","05 - Hautes-Alpes",935730,10406,89.9
"Fourrages annuels, prairies non permanentes et STH","Fourrages annuels","Maïs fourrage et ensilage (plante entière)","Maïs fourrage et ensilage (plante entière)","Maïs fourrage et ensilage (plante entière)","06 - Alpes-Maritimes",0,0,NA
"Fourrages annuels, prairies non permanentes et STH","Fourrages annuels","Maïs fourrage et ensilage (plante entière)","Maïs fourrage et ensilage (plante entière)","Maïs fourrage et ensilage (plante entière)","13 - Bouches-du-Rhône",8363,132,63.4
"Fourrages annuels, prairies non permanentes et STH","Fourrages annuels","Maïs fourrage et ensilage (plante entière)","Maïs fourrage et ensilage (plante entière)","Maïs fourrage et ensilage (plante entière)","83 - Var",2820,30,94
"Fourrages annuels, prairies non permanentes et STH","Fourrages annuels","Maïs fourrage et ensilage (plante entière)","Maïs fourrage et ensilage (plante entière)","Maïs fourrage et ensilage (plante entière)","84 - Vaucluse",525,7,75
"Fourrages annuels, prairies non permanentes et STH","Fourrages annuels","Maïs fourrage et ensilage (plante entière)","Maïs fourrage et ensilage (plante entière)","Maïs fourrage et ensilage (plante entière)","2A - Corse-du-Sud",11093,116,95.6
"Fourrages annuels, prairies non permanentes et STH","Fourrages annuels","Maïs fourrage et ensilage (plante entière)","Maïs fourrage et ensilage (plante entière)","Maïs fourrage et ensilage (plante entière)","2B - Haute-Corse",200555,2086,96.1
"Fourrages annuels, prairies non permanentes et STH","Fourrages annuels","Maïs fourrage et ensilage (plante entière)","Maïs fourrage et ensilage (plante entière) irrigué","Maïs fourrage et ensilage (plante entière) irrigué","971 - Guadeloupe",0,0,NA
"Fourrages annuels, prairies non permanentes et STH","Fourrages annuels","Maïs fourrage et ensilage (plante entière)","Maïs fourrage et ensilage (plante entière) irrigué","Maïs fourrage et ensilage (plante entière) irrigué","972 - Martinique",0,0,NA
"Fourrages annuels, prairies non permanentes et STH","Fourrages annuels","Maïs fourrage et ensilage (plante entière)","Maïs fourrage et ensilage (plante entière) irrigué","Maïs fourrage et ensilage (plante entière) irrigué","973 - Guyane",80,11,7.3
"Fourrages annuels, prairies non permanentes et STH","Fourrages annuels","Maïs fourrage et ensilage (plante entière)","Maïs fourrage et ensilage (plante entière) irrigué","Maïs fourrage et ensilage (plante entière) irrigué","974 - La Réunion",35181,225,156.4
"Fourrages annuels, prairies non permanentes et STH","Fourrages annuels","Maïs fourrage et ensilage (plante entière)","Maïs fourrage et ensilage (plante entière) irrigué","Maïs fourrage et ensilage (plante entière) irrigué","976 - Mayotte",0,0,NA
"Fourrages annuels, prairies non permanentes et STH","Fourrages annuels","Maïs fourrage et ensilage (plante entière)","Maïs fourrage et ensilage (plante entière) irrigué","Maïs fourrage et ensilage (plante entière) irrigué","77 - Seine-et-Marne",17820,143,124.6
"Fourrages annuels, prairies non permanentes et STH","Fourrages annuels","Maïs fourrage et ensilage (plante entière)","Maïs fourrage et ensilage (plante entière) irrigué","Maïs fourrage et ensilage (plante entière) irrigué","78 - Yvelines",0,0,NA
"Fourrages annuels, prairies non permanentes et STH","Fourrages annuels","Maïs fourrage et ensilage (plante entière)","Maïs fourrage et ensilage (plante entière) irrigué","Maïs fourrage et ensilage (plante entière) irrigué","91 - Essonne",0,0,NA
"Fourrages annuels, prairies non permanentes et STH","Fourrages annuels","Maïs fourrage et ensilage (plante entière)","Maïs fourrage et ensilage (plante entière) irrigué","Maïs fourrage et ensilage (plante entière) irrigué","92 - Hauts-de-Seine",0,0,NA
"Fourrages annuels, prairies non permanentes et STH","Fourrages annuels","Maïs fourrage et ensilage (plante entière)","Maïs fourrage et ensilage (plante entière) irrigué","Maïs fourrage et ensilage (plante entière) irrigué","93 - Seine-Saint-Denis",0,0,NA
"Fourrages annuels, prairies non permanentes et STH","Fourrages annuels","Maïs fourrage et ensilage (plante entière)","Maïs fourrage et ensilage (plante entière) irrigué","Maïs fourrage et ensilage (plante entière) irrigué","94 - Val-de-Marne",0,0,NA
"Fourrages annuels, prairies non permanentes et STH","Fourrages annuels","Maïs fourrage et ensilage (plante entière)","Maïs fourrage et ensilage (plante entière) irrigué","Maïs fourrage et ensilage (plante entière) irrigué","95 - Val-d'Oise",0,0,NA
"Fourrages annuels, prairies non permanentes et STH","Fourrages annuels","Maïs fourrage et ensilage (plante entière)","Maïs fourrage et ensilage (plante entière) irrigué","Maïs fourrage et ensilage (plante entière) irrigué","18 - Cher",705775,6382,110.6
"Fourrages annuels, prairies non permanentes et STH","Fourrages annuels","Maïs fourrage et ensilage (plante entière)","Maïs fourrage et ensilage (plante entière) irrigué","Maïs fourrage et ensilage (plante entière) irrigué","28 - Eure-et-Loir",143686,1109,129.6
"Fourrages annuels, prairies non permanentes et STH","Fourrages annuels","Maïs fourrage et ensilage (plante entière)","Maïs fourrage et ensilage (plante entière) irrigué","Maïs fourrage et ensilage (plante entière) irrigué","36 - Indre",428826,4098,104.6
"Fourrages annuels, prairies non permanentes et STH","Fourrages annuels","Maïs fourrage et ensilage (plante entière)","Maïs fourrage et ensilage (plante entière) irrigué","Maïs fourrage et ensilage (plante entière) irrigué","37 - Indre-et-Loire",2550815,22637,112.7
"Fourrages annuels, prairies non permanentes et STH","Fourrages annuels","Maïs fourrage et ensilage (plante entière)","Maïs fourrage et ensilage (plante entière) irrigué","Maïs fourrage et ensilage (plante entière) irrigué","41 - Loir-et-Cher",2173434,16598,130.9
"Fourrages annuels, prairies non permanentes et STH","Fourrages annuels","Maïs fourrage et ensilage (plante entière)","Maïs fourrage et ensilage (plante entière) irrigué","Maïs fourrage et ensilage (plante entière) irrigué","45 - Loiret",2518350,20445,123.2
"Fourrages annuels, prairies non permanentes et STH","Fourrages annuels","Maïs fourrage et ensilage (plante entière)","Maïs fourrage et ensilage (plante entière) irrigué","Maïs fourrage et ensilage (plante entière) irrigué","21 - Côte-d'Or",154100,1300,118.5
"Fourrages annuels, prairies non permanentes et STH","Fourrages annuels","Maïs fourrage et ensilage (plante entière)","Maïs fourrage et ensilage (plante entière) irrigué","Maïs fourrage et ensilage (plante entière) irrigué","25 - Doubs",0,0,NA
"Fourrages annuels, prairies non permanentes et STH","Fourrages annuels","Maïs fourrage et ensilage (plante entière)","Maïs fourrage et ensilage (plante entière) irrigué","Maïs fourrage et ensilage (plante entière) irrigué","39 - Jura",129800,1100,118
"Fourrages annuels, prairies non permanentes et STH","Fourrages annuels","Maïs fourrage et ensilage (plante entière)","Maïs fourrage et ensilage (plante entière) irrigué","Maïs fourrage et ensilage (plante entière) irrigué","58 - Nièvre",467100,3900,119.8
"Fourrages annuels, prairies non permanentes et STH","Fourrages annuels","Maïs fourrage et ensilage (plante entière)","Maïs fourrage et ensilage (plante entière) irrigué","Maïs fourrage et ensilage (plante entière) irrigué","70 - Haute-Saône",0,0,NA
"Fourrages annuels, prairies non permanentes et STH","Fourrages annuels","Maïs fourrage et ensilage (plante entière)","Maïs fourrage et ensilage (plante entière) irrigué","Maïs fourrage et ensilage (plante entière) irrigué","71 - Saône-et-Loire",361400,2600,139
"Fourrages annuels, prairies non permanentes et STH","Fourrages annuels","Maïs fourrage et ensilage (plante entière)","Maïs fourrage et ensilage (plante entière) irrigué","Maïs fourrage et ensilage (plante entière) irrigué","89 - Yonne",156400,1300,120.3
"Fourrages annuels, prairies non permanentes et STH","Fourrages annuels","Maïs fourrage et ensilage (plante entière)","Maïs fourrage et ensilage (plante entière) irrigué","Maïs fourrage et ensilage (plante entière) irrigué","90 - Territoire-de-Belfort",0,0,NA
"Fourrages annuels, prairies non permanentes et STH","Fourrages annuels","Maïs fourrage et ensilage (plante entière)","Maïs fourrage et ensilage (plante entière) irrigué","Maïs fourrage et ensilage (plante entière) irrigué","14 - Calvados",114620,794,144.4
"Fourrages annuels, prairies non permanentes et STH","Fourrages annuels","Maïs fourrage et ensilage (plante entière)","Maïs fourrage et ensilage (plante entière) irrigué","Maïs fourrage et ensilage (plante entière) irrigué","27 - Eure",30328,223,136
"Fourrages annuels, prairies non permanentes et STH","Fourrages annuels","Maïs fourrage et ensilage (plante entière)","Maïs fourrage et ensilage (plante entière) irrigué","Maïs fourrage et ensilage (plante entière) irrigué","50 - Manche",96266,647,148.8
"Fourrages annuels, prairies non permanentes et STH","Fourrages annuels","Maïs fourrage et ensilage (plante entière)","Maïs fourrage et ensilage (plante entière) irrigué","Maïs fourrage et ensilage (plante entière) irrigué","61 - Orne",61696,441,139.9
"Fourrages annuels, prairies non permanentes et STH","Fourrages annuels","Maïs fourrage et ensilage (plante entière)","Maïs fourrage et ensilage (plante entière) irrigué","Maïs fourrage et ensilage (plante entière) irrigué","76 - Seine-Maritime",2970,22,135
"Fourrages annuels, prairies non permanentes et STH","Fourrages annuels","Maïs fourrage et ensilage (plante entière)","Maïs fourrage et ensilage (plante entière) irrigué","Maïs fourrage et ensilage (plante entière) irrigué","02 - Aisne",25532,162,157.6
"Fourrages annuels, prairies non permanentes et STH","Fourrages annuels","Maïs fourrage et ensilage (plante entière)","Maïs fourrage et ensilage (plante entière) irrigué","Maïs fourrage et ensilage (plante entière) irrigué","59 - Nord",0,0,NA
"Fourrages annuels, prairies non permanentes et STH","Fourrages annuels","Maïs fourrage et ensilage (plante entière)","Maïs fourrage et ensilage (plante entière) irrigué","Maïs fourrage et ensilage (plante entière) irrigué","60 - Oise",0,0,NA
"Fourrages annuels, prairies non permanentes et STH","Fourrages annuels","Maïs fourrage et ensilage (plante entière)","Maïs fourrage et ensilage (plante entière) irrigué","Maïs fourrage et ensilage (plante entière) irrigué","62 - Pas-de-Calais",0,0,NA
"Fourrages annuels, prairies non permanentes et STH","Fourrages annuels","Maïs fourrage et ensilage (plante entière)","Maïs fourrage et ensilage (plante entière) irrigué","Maïs fourrage et ensilage (plante entière) irrigué","80 - Somme",379136,2425,156.3
"Fourrages annuels, prairies non permanentes et STH","Fourrages annuels","Maïs fourrage et ensilage (plante entière)","Maïs fourrage et ensilage (plante entière) irrigué","Maïs fourrage et ensilage (plante entière) irrigué","08 - Ardennes",0,0,NA
"Fourrages annuels, prairies non permanentes et STH","Fourrages annuels","Maïs fourrage et ensilage (plante entière)","Maïs fourrage et ensilage (plante entière) irrigué","Maïs fourrage et ensilage (plante entière) irrigué","10 - Aube",5500,44,125
"Fourrages annuels, prairies non permanentes et STH","Fourrages annuels","Maïs fourrage et ensilage (plante entière)","Maïs fourrage et ensilage (plante entière) irrigué","Maïs fourrage et ensilage (plante entière) irrigué","51 - Marne",5000,40,125
"Fourrages annuels, prairies non permanentes et STH","Fourrages annuels","Maïs fourrage et ensilage (plante entière)","Maïs fourrage et ensilage (plante entière) irrigué","Maïs fourrage et ensilage (plante entière) irrigué","52 - Haute-Marne",2600,20,130
"Fourrages annuels, prairies non permanentes et STH","Fourrages annuels","Maïs fourrage et ensilage (plante entière)","Maïs fourrage et ensilage (plante entière) irrigué","Maïs fourrage et ensilage (plante entière) irrigué","54 - Meurthe-et-Moselle",0,0,NA
"Fourrages annuels, prairies non permanentes et STH","Fourrages annuels","Maïs fourrage et ensilage (plante entière)","Maïs fourrage et ensilage (plante entière) irrigué","Maïs fourrage et ensilage (plante entière) irrigué","55 - Meuse",0,0,NA
"Fourrages annuels, prairies non permanentes et STH","Fourrages annuels","Maïs fourrage et ensilage (plante entière)","Maïs fourrage et ensilage (plante entière) irrigué","Maïs fourrage et ensilage (plante entière) irrigué","57 - Moselle",0,0,NA
"Fourrages annuels, prairies non permanentes et STH","Fourrages annuels","Maïs fourrage et ensilage (plante entière)","Maïs fourrage et ensilage (plante entière) irrigué","Maïs fourrage et ensilage (plante entière) irrigué","67 - Bas-Rhin",1580218,9798,161.3
"Fourrages annuels, prairies non permanentes et STH","Fourrages annuels","Maïs fourrage et ensilage (plante entière)","Maïs fourrage et ensilage (plante entière) irrigué","Maïs fourrage et ensilage (plante entière) irrigué","68 - Haut-Rhin",867951,5463,158.9
"Fourrages annuels, prairies non permanentes et STH","Fourrages annuels","Maïs fourrage et ensilage (plante entière)","Maïs fourrage et ensilage (plante entière) irrigué","Maïs fourrage et ensilage (plante entière) irrigué","88 - Vosges",0,0,NA
"Fourrages annuels, prairies non permanentes et STH","Fourrages annuels","Maïs fourrage et ensilage (plante entière)","Maïs fourrage et ensilage (plante entière) irrigué","Maïs fourrage et ensilage (plante entière) irrigué","44 - Loire-Atlantique",7056044,51512,137
"Fourrages annuels, prairies non permanentes et STH","Fourrages annuels","Maïs fourrage et ensilage (plante entière)","Maïs fourrage et ensilage (plante entière) irrigué","Maïs fourrage et ensilage (plante entière) irrigué","49 - Maine-et-Loire",21738909,158768,136.9
"Fourrages annuels, prairies non permanentes et STH","Fourrages annuels","Maïs fourrage et ensilage (plante entière)","Maïs fourrage et ensilage (plante entière) irrigué","Maïs fourrage et ensilage (plante entière) irrigué","53 - Mayenne",2347418,16470,142.5
"Fourrages annuels, prairies non permanentes et STH","Fourrages annuels","Maïs fourrage et ensilage (plante entière)","Maïs fourrage et ensilage (plante entière) irrigué","Maïs fourrage et ensilage (plante entière) irrigué","72 - Sarthe",7994020,56533,141.4
"Fourrages annuels, prairies non permanentes et STH","Fourrages annuels","Maïs fourrage et ensilage (plante entière)","Maïs fourrage et ensilage (plante entière) irrigué","Maïs fourrage et ensilage (plante entière) irrigué","85 - Vendée",34204040,230208,148.6
"Fourrages annuels, prairies non permanentes et STH","Fourrages annuels","Maïs fourrage et ensilage (plante entière)","Maïs fourrage et ensilage (plante entière) irrigué","Maïs fourrage et ensilage (plante entière) irrigué","22 - Côtes-d'Armor",43444,324,134.1
"Fourrages annuels, prairies non permanentes et STH","Fourrages annuels","Maïs fourrage et ensilage (plante entière)","Maïs fourrage et ensilage (plante entière) irrigué","Maïs fourrage et ensilage (plante entière) irrigué","29 - Finistère",144054,1112,129.5
"Fourrages annuels, prairies non permanentes et STH","Fourrages annuels","Maïs fourrage et ensilage (plante entière)","Maïs fourrage et ensilage (plante entière) irrigué","Maïs fourrage et ensilage (plante entière) irrigué","35 - Ille-et-Vilaine",832145,5959,139.6
"Fourrages annuels, prairies non permanentes et STH","Fourrages annuels","Maïs fourrage et ensilage (plante entière)","Maïs fourrage et ensilage (plante entière) irrigué","Maïs fourrage et ensilage (plante entière) irrigué","56 - Morbihan",232433,1699,136.8
"Fourrages annuels, prairies non permanentes et STH","Fourrages annuels","Maïs fourrage et ensilage (plante entière)","Maïs fourrage et ensilage (plante entière) irrigué","Maïs fourrage et ensilage (plante entière) irrigué","16 - Charente",3357224,24353,137.9
"Fourrages annuels, prairies non permanentes et STH","Fourrages annuels","Maïs fourrage et ensilage (plante entière)","Maïs fourrage et ensilage (plante entière) irrigué","Maïs fourrage et ensilage (plante entière) irrigué","17 - Charente-Maritime",5521896,37801,146.1
"Fourrages annuels, prairies non permanentes et STH","Fourrages annuels","Maïs fourrage et ensilage (plante entière)","Maïs fourrage et ensilage (plante entière) irrigué","Maïs fourrage et ensilage (plante entière) irrigué","19 - Corrèze",403250,2750,146.6
"Fourrages annuels, prairies non permanentes et STH","Fourrages annuels","Maïs fourrage et ensilage (plante entière)","Maïs fourrage et ensilage (plante entière) irrigué","Maïs fourrage et ensilage (plante entière) irrigué","23 - Creuse",16060,110,146
"Fourrages annuels, prairies non permanentes et STH","Fourrages annuels","Maïs fourrage et ensilage (plante entière)","Maïs fourrage et ensilage (plante entière) irrigué","Maïs fourrage et ensilage (plante entière) irrigué","24 - Dordogne",9475000,66295,142.9
"Fourrages annuels, prairies non permanentes et STH","Fourrages annuels","Maïs fourrage et ensilage (plante entière)","Maïs fourrage et ensilage (plante entière) irrigué","Maïs fourrage et ensilage (plante entière) irrigué","33 - Gironde",2204640,13399,164.5
"Fourrages annuels, prairies non permanentes et STH","Fourrages annuels","Maïs fourrage et ensilage (plante entière)","Maïs fourrage et ensilage (plante entière) irrigué","Maïs fourrage et ensilage (plante entière) irrigué","40 - Landes",3415786,20033,170.5
"Fourrages annuels, prairies non permanentes et STH","Fourrages annuels","Maïs fourrage et ensilage (plante entière)","Maïs fourrage et ensilage (plante entière) irrigué","Maïs fourrage et ensilage (plante entière) irrigué","47 - Lot-et-Garonne",9044885,56747,159.4
"Fourrages annuels, prairies non permanentes et STH","Fourrages annuels","Maïs fourrage et ensilage (plante entière)","Maïs fourrage et ensilage (plante entière) irrigué","Maïs fourrage et ensilage (plante entière) irrigué","64 - Pyrénées-Atlantiques",3628155,21499,168.8
"Fourrages annuels, prairies non permanentes et STH","Fourrages annuels","Maïs fourrage et ensilage (plante entière)","Maïs fourrage et ensilage (plante entière) irrigué","Maïs fourrage et ensilage (plante entière) irrigué","79 - Deux-Sèvres",8163339,54036,151.1
"Fourrages annuels, prairies non permanentes et STH","Fourrages annuels","Maïs fourrage et ensilage (plante entière)","Maïs fourrage et ensilage (plante entière) irrigué","Maïs fourrage et ensilage (plante entière) irrigué","86 - Vienne",6360604,43696,145.6
"Fourrages annuels, prairies non permanentes et STH","Fourrages annuels","Maïs fourrage et ensilage (plante entière)","Maïs fourrage et ensilage (plante entière) irrigué","Maïs fourrage et ensilage (plante entière) irrigué","87 - Haute-Vienne",125360,880,142.5
"Fourrages annuels, prairies non permanentes et STH","Fourrages annuels","Maïs fourrage et ensilage (plante entière)","Maïs fourrage et ensilage (plante entière) irrigué","Maïs fourrage et ensilage (plante entière) irrigué","09 - Ariège",1937995,14842,130.6
"Fourrages annuels, prairies non permanentes et STH","Fourrages annuels","Maïs fourrage et ensilage (plante entière)","Maïs fourrage et ensilage (plante entière) irrigué","Maïs fourrage et ensilage (plante entière) irrigué","11 - Aude",556936,5603,99.4
"Fourrages annuels, prairies non permanentes et STH","Fourrages annuels","Maïs fourrage et ensilage (plante entière)","Maïs fourrage et ensilage (plante entière) irrigué","Maïs fourrage et ensilage (plante entière) irrigué","12 - Aveyron",5880128,48014,122.5
"Fourrages annuels, prairies non permanentes et STH","Fourrages annuels","Maïs fourrage et ensilage (plante entière)","Maïs fourrage et ensilage (plante entière) irrigué","Maïs fourrage et ensilage (plante entière) irrigué","30 - Gard",1485,18,82.5
"Fourrages annuels, prairies non permanentes et STH","Fourrages annuels","Maïs fourrage et ensilage (plante entière)","Maïs fourrage et ensilage (plante entière) irrigué","Maïs fourrage et ensilage (plante entière) irrigué","31 - Haute-Garonne",4493475,35699,125.9
"Fourrages annuels, prairies non permanentes et STH","Fourrages annuels","Maïs fourrage et ensilage (plante entière)","Maïs fourrage et ensilage (plante entière) irrigué","Maïs fourrage et ensilage (plante entière) irrigué","32 - Gers",2519690,20905,120.5
"Fourrages annuels, prairies non permanentes et STH","Fourrages annuels","Maïs fourrage et ensilage (plante entière)","Maïs fourrage et ensilage (plante entière) irrigué","Maïs fourrage et ensilage (plante entière) irrigué","34 - Hérault",20396,227,89.9
"Fourrages annuels, prairies non permanentes et STH","Fourrages annuels","Maïs fourrage et ensilage (plante entière)","Maïs fourrage et ensilage (plante entière) irrigué","Maïs fourrage et ensilage (plante entière) irrigué","46 - Lot",1780238,16307,109.2
"Fourrages annuels, prairies non permanentes et STH","Fourrages annuels","Maïs fourrage et ensilage (plante entière)","Maïs fourrage et ensilage (plante entière) irrigué","Maïs fourrage et ensilage (plante entière) irrigué","48 - Lozère",49710,546,91
"Fourrages annuels, prairies non permanentes et STH","Fourrages annuels","Maïs fourrage et ensilage (plante entière)","Maïs fourrage et ensilage (plante entière) irrigué","Maïs fourrage et ensilage (plante entière) irrigué","65 - Hautes-Pyrénées",2823031,19933,141.6
"Fourrages annuels, prairies non permanentes et STH","Fourrages annuels","Maïs fourrage et ensilage (plante entière)","Maïs fourrage et ensilage (plante entière) irrigué","Maïs fourrage et ensilage (plante entière) irrigué","66 - Pyrénées-Orientales",52610,669,78.6
"Fourrages annuels, prairies non permanentes et STH","Fourrages annuels","Maïs fourrage et ensilage (plante entière)","Maïs fourrage et ensilage (plante entière) irrigué","Maïs fourrage et ensilage (plante entière) irrigué","81 - Tarn",4748885,36524,130
"Fourrages annuels, prairies non permanentes et STH","Fourrages annuels","Maïs fourrage et ensilage (plante entière)","Maïs fourrage et ensilage (plante entière) irrigué","Maïs fourrage et ensilage (plante entière) irrigué","82 - Tarn-et-Garonne",3230956,24546,131.6
"Fourrages annuels, prairies non permanentes et STH","Fourrages annuels","Maïs fourrage et ensilage (plante entière)","Maïs fourrage et ensilage (plante entière) irrigué","Maïs fourrage et ensilage (plante entière) irrigué","01 - Ain",472595,3121,151.4
"Fourrages annuels, prairies non permanentes et STH","Fourrages annuels","Maïs fourrage et ensilage (plante entière)","Maïs fourrage et ensilage (plante entière) irrigué","Maïs fourrage et ensilage (plante entière) irrigué","03 - Allier",2896250,22116,131
"Fourrages annuels, prairies non permanentes et STH","Fourrages annuels","Maïs fourrage et ensilage (plante entière)","Maïs fourrage et ensilage (plante entière) irrigué","Maïs fourrage et ensilage (plante entière) irrigué","07 - Ardèche",1182250,9637,122.7
"Fourrages annuels, prairies non permanentes et STH","Fourrages annuels","Maïs fourrage et ensilage (plante entière)","Maïs fourrage et ensilage (plante entière) irrigué","Maïs fourrage et ensilage (plante entière) irrigué","15 - Cantal",1228190,9567,128.4
"Fourrages annuels, prairies non permanentes et STH","Fourrages annuels","Maïs fourrage et ensilage (plante entière)","Maïs fourrage et ensilage (plante entière) irrigué","Maïs fourrage et ensilage (plante entière) irrigué","26 - Drôme",1531345,13068,117.2
"Fourrages annuels, prairies non permanentes et STH","Fourrages annuels","Maïs fourrage et ensilage (plante entière)","Maïs fourrage et ensilage (plante entière) irrigué","Maïs fourrage et ensilage (plante entière) irrigué","38 - Isère",1821970,14039,129.8
"Fourrages annuels, prairies non permanentes et STH","Fourrages annuels","Maïs fourrage et ensilage (plante entière)","Maïs fourrage et ensilage (plante entière) irrigué","Maïs fourrage et ensilage (plante entière) irrigué","42 - Loire",6448510,50740,127.1
"Fourrages annuels, prairies non permanentes et STH","Fourrages annuels","Maïs fourrage et ensilage (plante entière)","Maïs fourrage et ensilage (plante entière) irrigué","Maïs fourrage et ensilage (plante entière) irrigué","43 - Haute-Loire",2494225,20070,124.3
"Fourrages annuels, prairies non permanentes et STH","Fourrages annuels","Maïs fourrage et ensilage (plante entière)","Maïs fourrage et ensilage (plante entière) irrigué","Maïs fourrage et ensilage (plante entière) irrigué","63 - Puy-de-Dôme",934334,7172,130.3
"Fourrages annuels, prairies non permanentes et STH","Fourrages annuels","Maïs fourrage et ensilage (plante entière)","Maïs fourrage et ensilage (plante entière) irrigué","Maïs fourrage et ensilage (plante entière) irrigué","69 - Rhône",1782867,14712,121.2
"Fourrages annuels, prairies non permanentes et STH","Fourrages annuels","Maïs fourrage et ensilage (plante entière)","Maïs fourrage et ensilage (plante entière) irrigué","Maïs fourrage et ensilage (plante entière) irrigué","73 - Savoie",0,0,NA
"Fourrages annuels, prairies non permanentes et STH","Fourrages annuels","Maïs fourrage et ensilage (plante entière)","Maïs fourrage et ensilage (plante entière) irrigué","Maïs fourrage et ensilage (plante entière) irrigué","74 - Haute-Savoie",60410,560,107.9
"Fourrages annuels, prairies non permanentes et STH","Fourrages annuels","Maïs fourrage et ensilage (plante entière)","Maïs fourrage et ensilage (plante entière) irrigué","Maïs fourrage et ensilage (plante entière) irrigué","04 - Alpes-de-Haute-Provence",30165,392,77
"Fourrages annuels, prairies non permanentes et STH","Fourrages annuels","Maïs fourrage et ensilage (plante entière)","Maïs fourrage et ensilage (plante entière) irrigué","Maïs fourrage et ensilage (plante entière) irrigué","05 - Hautes-Alpes",515175,6636,77.6
"Fourrages annuels, prairies non permanentes et STH","Fourrages annuels","Maïs fourrage et ensilage (plante entière)","Maïs fourrage et ensilage (plante entière) irrigué","Maïs fourrage et ensilage (plante entière) irrigué","06 - Alpes-Maritimes",0,0,NA
"Fourrages annuels, prairies non permanentes et STH","Fourrages annuels","Maïs fourrage et ensilage (plante entière)","Maïs fourrage et ensilage (plante entière) irrigué","Maïs fourrage et ensilage (plante entière) irrigué","13 - Bouches-du-Rhône",1453,19,76.5
"Fourrages annuels, prairies non permanentes et STH","Fourrages annuels","Maïs fourrage et ensilage (plante entière)","Maïs fourrage et ensilage (plante entière) irrigué","Maïs fourrage et ensilage (plante entière) irrigué","83 - Var",0,0,NA
"Fourrages annuels, prairies non permanentes et STH","Fourrages annuels","Maïs fourrage et ensilage (plante entière)","Maïs fourrage et ensilage (plante entière) irrigué","Maïs fourrage et ensilage (plante entière) irrigué","84 - Vaucluse",0,0,NA
"Fourrages annuels, prairies non permanentes et STH","Fourrages annuels","Maïs fourrage et ensilage (plante entière)","Maïs fourrage et ensilage (plante entière) irrigué","Maïs fourrage et ensilage (plante entière) irrigué","2A - Corse-du-Sud",5945,62,95.9
"Fourrages annuels, prairies non permanentes et STH","Fourrages annuels","Maïs fourrage et ensilage (plante entière)","Maïs fourrage et ensilage (plante entière) irrigué","Maïs fourrage et ensilage (plante entière) irrigué","2B - Haute-Corse",113820,1020,111.6
"Fourrages annuels, prairies non permanentes et STH","Fourrages annuels","Maïs fourrage et ensilage (plante entière)","Maïs fourrage et ensilage (plante entière) non irrigué","Maïs fourrage et ensilage (plante entière) non irrigué","971 - Guadeloupe",0,0,NA
"Fourrages annuels, prairies non permanentes et STH","Fourrages annuels","Maïs fourrage et ensilage (plante entière)","Maïs fourrage et ensilage (plante entière) non irrigué","Maïs fourrage et ensilage (plante entière) non irrigué","972 - Martinique",8292,152,54.6
"Fourrages annuels, prairies non permanentes et STH","Fourrages annuels","Maïs fourrage et ensilage (plante entière)","Maïs fourrage et ensilage (plante entière) non irrigué","Maïs fourrage et ensilage (plante entière) non irrigué","973 - Guyane",1754,106,21.1
"Fourrages annuels, prairies non permanentes et STH","Fourrages annuels","Maïs fourrage et ensilage (plante entière)","Maïs fourrage et ensilage (plante entière) non irrigué","Maïs fourrage et ensilage (plante entière) non irrigué","974 - La Réunion",108819,3133,111.6
"Fourrages annuels, prairies non permanentes et STH","Fourrages annuels","Maïs fourrage et ensilage (plante entière)","Maïs fourrage et ensilage (plante entière) non irrigué","Maïs fourrage et ensilage (plante entière) non irrigué","976 - Mayotte",0,0,NA
"Fourrages annuels, prairies non permanentes et STH","Fourrages annuels","Maïs fourrage et ensilage (plante entière)","Maïs fourrage et ensilage (plante entière) non irrigué","Maïs fourrage et ensilage (plante entière) non irrigué","77 - Seine-et-Marne",2491080,21853,114
"Fourrages annuels, prairies non permanentes et STH","Fourrages annuels","Maïs fourrage et ensilage (plante entière)","Maïs fourrage et ensilage (plante entière) non irrigué","Maïs fourrage et ensilage (plante entière) non irrigué","78 - Yvelines",659450,6224,106
"Fourrages annuels, prairies non permanentes et STH","Fourrages annuels","Maïs fourrage et ensilage (plante entière)","Maïs fourrage et ensilage (plante entière) non irrigué","Maïs fourrage et ensilage (plante entière) non irrigué","91 - Essonne",271090,2688,100.9
"Fourrages annuels, prairies non permanentes et STH","Fourrages annuels","Maïs fourrage et ensilage (plante entière)","Maïs fourrage et ensilage (plante entière) non irrigué","Maïs fourrage et ensilage (plante entière) non irrigué","92 - Hauts-de-Seine",0,0,NA
"Fourrages annuels, prairies non permanentes et STH","Fourrages annuels","Maïs fourrage et ensilage (plante entière)","Maïs fourrage et ensilage (plante entière) non irrigué","Maïs fourrage et ensilage (plante entière) non irrigué","93 - Seine-Saint-Denis",19180,178,107.8
"Fourrages annuels, prairies non permanentes et STH","Fourrages annuels","Maïs fourrage et ensilage (plante entière)","Maïs fourrage et ensilage (plante entière) non irrigué","Maïs fourrage et ensilage (plante entière) non irrigué","94 - Val-de-Marne",0,0,NA
"Fourrages annuels, prairies non permanentes et STH","Fourrages annuels","Maïs fourrage et ensilage (plante entière)","Maïs fourrage et ensilage (plante entière) non irrigué","Maïs fourrage et ensilage (plante entière) non irrigué","95 - Val-d'Oise",372015,3602,103.3
"Fourrages annuels, prairies non permanentes et STH","Fourrages annuels","Maïs fourrage et ensilage (plante entière)","Maïs fourrage et ensilage (plante entière) non irrigué","Maïs fourrage et ensilage (plante entière) non irrigué","18 - Cher",6153616,71732,85.8
"Fourrages annuels, prairies non permanentes et STH","Fourrages annuels","Maïs fourrage et ensilage (plante entière)","Maïs fourrage et ensilage (plante entière) non irrigué","Maïs fourrage et ensilage (plante entière) non irrigué","28 - Eure-et-Loir",8402428,77910,107.8
"Fourrages annuels, prairies non permanentes et STH","Fourrages annuels","Maïs fourrage et ensilage (plante entière)","Maïs fourrage et ensilage (plante entière) non irrigué","Maïs fourrage et ensilage (plante entière) non irrigué","36 - Indre",11327457,130264,87
"Fourrages annuels, prairies non permanentes et STH","Fourrages annuels","Maïs fourrage et ensilage (plante entière)","Maïs fourrage et ensilage (plante entière) non irrigué","Maïs fourrage et ensilage (plante entière) non irrigué","37 - Indre-et-Loire",15072221,159320,94.6
"Fourrages annuels, prairies non permanentes et STH","Fourrages annuels","Maïs fourrage et ensilage (plante entière)","Maïs fourrage et ensilage (plante entière) non irrigué","Maïs fourrage et ensilage (plante entière) non irrigué","41 - Loir-et-Cher",8719339,96035,90.8
"Fourrages annuels, prairies non permanentes et STH","Fourrages annuels","Maïs fourrage et ensilage (plante entière)","Maïs fourrage et ensilage (plante entière) non irrigué","Maïs fourrage et ensilage (plante entière) non irrigué","45 - Loiret",5969941,63043,94.7
"Fourrages annuels, prairies non permanentes et STH","Fourrages annuels","Maïs fourrage et ensilage (plante entière)","Maïs fourrage et ensilage (plante entière) non irrigué","Maïs fourrage et ensilage (plante entière) non irrigué","21 - Côte-d'Or",15185680,166040,91.5
"Fourrages annuels, prairies non permanentes et STH","Fourrages annuels","Maïs fourrage et ensilage (plante entière)","Maïs fourrage et ensilage (plante entière) non irrigué","Maïs fourrage et ensilage (plante entière) non irrigué","25 - Doubs",11236249,94906,118.4
"Fourrages annuels, prairies non permanentes et STH","Fourrages annuels","Maïs fourrage et ensilage (plante entière)","Maïs fourrage et ensilage (plante entière) non irrigué","Maïs fourrage et ensilage (plante entière) non irrigué","39 - Jura",7444233,63688,116.9
"Fourrages annuels, prairies non permanentes et STH","Fourrages annuels","Maïs fourrage et ensilage (plante entière)","Maïs fourrage et ensilage (plante entière) non irrigué","Maïs fourrage et ensilage (plante entière) non irrigué","58 - Nièvre",9134190,106065,86.1
"Fourrages annuels, prairies non permanentes et STH","Fourrages annuels","Maïs fourrage et ensilage (plante entière)","Maïs fourrage et ensilage (plante entière) non irrigué","Maïs fourrage et ensilage (plante entière) non irrigué","70 - Haute-Saône",29594798,255329,115.9
"Fourrages annuels, prairies non permanentes et STH","Fourrages annuels","Maïs fourrage et ensilage (plante entière)","Maïs fourrage et ensilage (plante entière) non irrigué","Maïs fourrage et ensilage (plante entière) non irrigué","71 - Saône-et-Loire",28915180,260635,110.9
"Fourrages annuels, prairies non permanentes et STH","Fourrages annuels","Maïs fourrage et ensilage (plante entière)","Maïs fourrage et ensilage (plante entière) non irrigué","Maïs fourrage et ensilage (plante entière) non irrigué","89 - Yonne",13807880,151860,90.9
"Fourrages annuels, prairies non permanentes et STH","Fourrages annuels","Maïs fourrage et ensilage (plante entière)","Maïs fourrage et ensilage (plante entière) non irrigué","Maïs fourrage et ensilage (plante entière) non irrigué","90 - Territoire-de-Belfort",3468651,28787,120.5
"Fourrages annuels, prairies non permanentes et STH","Fourrages annuels","Maïs fourrage et ensilage (plante entière)","Maïs fourrage et ensilage (plante entière) non irrigué","Maïs fourrage et ensilage (plante entière) non irrigué","14 - Calvados",114037963,841577,135.5
"Fourrages annuels, prairies non permanentes et STH","Fourrages annuels","Maïs fourrage et ensilage (plante entière)","Maïs fourrage et ensilage (plante entière) non irrigué","Maïs fourrage et ensilage (plante entière) non irrigué","27 - Eure",38722991,288492,134.2
"Fourrages annuels, prairies non permanentes et STH","Fourrages annuels","Maïs fourrage et ensilage (plante entière)","Maïs fourrage et ensilage (plante entière) non irrigué","Maïs fourrage et ensilage (plante entière) non irrigué","50 - Manche",277404010,1965337,141.1
"Fourrages annuels, prairies non permanentes et STH","Fourrages annuels","Maïs fourrage et ensilage (plante entière)","Maïs fourrage et ensilage (plante entière) non irrigué","Maïs fourrage et ensilage (plante entière) non irrigué","61 - Orne",135854421,1045601,129.9
"Fourrages annuels, prairies non permanentes et STH","Fourrages annuels","Maïs fourrage et ensilage (plante entière)","Maïs fourrage et ensilage (plante entière) non irrigué","Maïs fourrage et ensilage (plante entière) non irrigué","76 - Seine-Maritime",112424658,775653,144.9
"Fourrages annuels, prairies non permanentes et STH","Fourrages annuels","Maïs fourrage et ensilage (plante entière)","Maïs fourrage et ensilage (plante entière) non irrigué","Maïs fourrage et ensilage (plante entière) non irrigué","02 - Aisne",35119490,243343,144.3
"Fourrages annuels, prairies non permanentes et STH","Fourrages annuels","Maïs fourrage et ensilage (plante entière)","Maïs fourrage et ensilage (plante entière) non irrigué","Maïs fourrage et ensilage (plante entière) non irrigué","59 - Nord",92466841,622266,148.6
"Fourrages annuels, prairies non permanentes et STH","Fourrages annuels","Maïs fourrage et ensilage (plante entière)","Maïs fourrage et ensilage (plante entière) non irrigué","Maïs fourrage et ensilage (plante entière) non irrigué","60 - Oise",30262619,215279,140.6
"Fourrages annuels, prairies non permanentes et STH","Fourrages annuels","Maïs fourrage et ensilage (plante entière)","Maïs fourrage et ensilage (plante entière) non irrigué","Maïs fourrage et ensilage (plante entière) non irrigué","62 - Pas-de-Calais",112601421,779732,144.4
"Fourrages annuels, prairies non permanentes et STH","Fourrages annuels","Maïs fourrage et ensilage (plante entière)","Maïs fourrage et ensilage (plante entière) non irrigué","Maïs fourrage et ensilage (plante entière) non irrigué","80 - Somme",74706320,513543,145.5
"Fourrages annuels, prairies non permanentes et STH","Fourrages annuels","Maïs fourrage et ensilage (plante entière)","Maïs fourrage et ensilage (plante entière) non irrigué","Maïs fourrage et ensilage (plante entière) non irrigué","08 - Ardennes",38605393,303184,127.3
"Fourrages annuels, prairies non permanentes et STH","Fourrages annuels","Maïs fourrage et ensilage (plante entière)","Maïs fourrage et ensilage (plante entière) non irrigué","Maïs fourrage et ensilage (plante entière) non irrigué","10 - Aube",9736065,92825,104.9
"Fourrages annuels, prairies non permanentes et STH","Fourrages annuels","Maïs fourrage et ensilage (plante entière)","Maïs fourrage et ensilage (plante entière) non irrigué","Maïs fourrage et ensilage (plante entière) non irrigué","51 - Marne",9932341,84188,118
"Fourrages annuels, prairies non permanentes et STH","Fourrages annuels","Maïs fourrage et ensilage (plante entière)","Maïs fourrage et ensilage (plante entière) non irrigué","Maïs fourrage et ensilage (plante entière) non irrigué","52 - Haute-Marne",34644696,327624,105.7
"Fourrages annuels, prairies non permanentes et STH","Fourrages annuels","Maïs fourrage et ensilage (plante entière)","Maïs fourrage et ensilage (plante entière) non irrigué","Maïs fourrage et ensilage (plante entière) non irrigué","54 - Meurthe-et-Moselle",45159175,411575,109.7
"Fourrages annuels, prairies non permanentes et STH","Fourrages annuels","Maïs fourrage et ensilage (plante entière)","Maïs fourrage et ensilage (plante entière) non irrigué","Maïs fourrage et ensilage (plante entière) non irrigué","55 - Meuse",48440414,439589,110.2
"Fourrages annuels, prairies non permanentes et STH","Fourrages annuels","Maïs fourrage et ensilage (plante entière)","Maïs fourrage et ensilage (plante entière) non irrigué","Maïs fourrage et ensilage (plante entière) non irrigué","57 - Moselle",47297380,422282,112
"Fourrages annuels, prairies non permanentes et STH","Fourrages annuels","Maïs fourrage et ensilage (plante entière)","Maïs fourrage et ensilage (plante entière) non irrigué","Maïs fourrage et ensilage (plante entière) non irrigué","67 - Bas-Rhin",22440461,163012,137.7
"Fourrages annuels, prairies non permanentes et STH","Fourrages annuels","Maïs fourrage et ensilage (plante entière)","Maïs fourrage et ensilage (plante entière) non irrigué","Maïs fourrage et ensilage (plante entière) non irrigué","68 - Haut-Rhin",13076847,86436,151.3
"Fourrages annuels, prairies non permanentes et STH","Fourrages annuels","Maïs fourrage et ensilage (plante entière)","Maïs fourrage et ensilage (plante entière) non irrigué","Maïs fourrage et ensilage (plante entière) non irrigué","88 - Vosges",39431300,361206,109.2
"Fourrages annuels, prairies non permanentes et STH","Fourrages annuels","Maïs fourrage et ensilage (plante entière)","Maïs fourrage et ensilage (plante entière) non irrigué","Maïs fourrage et ensilage (plante entière) non irrigué","44 - Loire-Atlantique",117646981,1034057,113.8
"Fourrages annuels, prairies non permanentes et STH","Fourrages annuels","Maïs fourrage et ensilage (plante entière)","Maïs fourrage et ensilage (plante entière) non irrigué","Maïs fourrage et ensilage (plante entière) non irrigué","49 - Maine-et-Loire",89277072,795648,112.2
"Fourrages annuels, prairies non permanentes et STH","Fourrages annuels","Maïs fourrage et ensilage (plante entière)","Maïs fourrage et ensilage (plante entière) non irrigué","Maïs fourrage et ensilage (plante entière) non irrigué","53 - Mayenne",202285695,1649565,122.6
"Fourrages annuels, prairies non permanentes et STH","Fourrages annuels","Maïs fourrage et ensilage (plante entière)","Maïs fourrage et ensilage (plante entière) non irrigué","Maïs fourrage et ensilage (plante entière) non irrigué","72 - Sarthe",79555001,694665,114.5
"Fourrages annuels, prairies non permanentes et STH","Fourrages annuels","Maïs fourrage et ensilage (plante entière)","Maïs fourrage et ensilage (plante entière) non irrigué","Maïs fourrage et ensilage (plante entière) non irrigué","85 - Vendée",113071249,1012412,111.7
"Fourrages annuels, prairies non permanentes et STH","Fourrages annuels","Maïs fourrage et ensilage (plante entière)","Maïs fourrage et ensilage (plante entière) non irrigué","Maïs fourrage et ensilage (plante entière) non irrigué","22 - Côtes-d'Armor",222163935,1750246,126.9
"Fourrages annuels, prairies non permanentes et STH","Fourrages annuels","Maïs fourrage et ensilage (plante entière)","Maïs fourrage et ensilage (plante entière) non irrigué","Maïs fourrage et ensilage (plante entière) non irrigué","29 - Finistère",173675256,1384160,125.5
"Fourrages annuels, prairies non permanentes et STH","Fourrages annuels","Maïs fourrage et ensilage (plante entière)","Maïs fourrage et ensilage (plante entière) non irrigué","Maïs fourrage et ensilage (plante entière) non irrigué","35 - Ille-et-Vilaine",261589839,2030267,128.8
"Fourrages annuels, prairies non permanentes et STH","Fourrages annuels","Maïs fourrage et ensilage (plante entière)","Maïs fourrage et ensilage (plante entière) non irrigué","Maïs fourrage et ensilage (plante entière) non irrigué","56 - Morbihan",158291797,1261463,125.5
"Fourrages annuels, prairies non permanentes et STH","Fourrages annuels","Maïs fourrage et ensilage (plante entière)","Maïs fourrage et ensilage (plante entière) non irrigué","Maïs fourrage et ensilage (plante entière) non irrigué","16 - Charente",19886606,185165,107.4
"Fourrages annuels, prairies non permanentes et STH","Fourrages annuels","Maïs fourrage et ensilage (plante entière)","Maïs fourrage et ensilage (plante entière) non irrigué","Maïs fourrage et ensilage (plante entière) non irrigué","17 - Charente-Maritime",14605161,126236,115.7
"Fourrages annuels, prairies non permanentes et STH","Fourrages annuels","Maïs fourrage et ensilage (plante entière)","Maïs fourrage et ensilage (plante entière) non irrigué","Maïs fourrage et ensilage (plante entière) non irrigué","19 - Corrèze",7457554,71543,104.2
"Fourrages annuels, prairies non permanentes et STH","Fourrages annuels","Maïs fourrage et ensilage (plante entière)","Maïs fourrage et ensilage (plante entière) non irrigué","Maïs fourrage et ensilage (plante entière) non irrigué","23 - Creuse",23229810,206752,112.4
"Fourrages annuels, prairies non permanentes et STH","Fourrages annuels","Maïs fourrage et ensilage (plante entière)","Maïs fourrage et ensilage (plante entière) non irrigué","Maïs fourrage et ensilage (plante entière) non irrigué","24 - Dordogne",22547125,230275,97.9
"Fourrages annuels, prairies non permanentes et STH","Fourrages annuels","Maïs fourrage et ensilage (plante entière)","Maïs fourrage et ensilage (plante entière) non irrigué","Maïs fourrage et ensilage (plante entière) non irrigué","33 - Gironde",6806720,55171,123.4
"Fourrages annuels, prairies non permanentes et STH","Fourrages annuels","Maïs fourrage et ensilage (plante entière)","Maïs fourrage et ensilage (plante entière) non irrigué","Maïs fourrage et ensilage (plante entière) non irrigué","40 - Landes",15736157,109672,143.5
"Fourrages annuels, prairies non permanentes et STH","Fourrages annuels","Maïs fourrage et ensilage (plante entière)","Maïs fourrage et ensilage (plante entière) non irrigué","Maïs fourrage et ensilage (plante entière) non irrigué","47 - Lot-et-Garonne",14930645,116555,128.1
"Fourrages annuels, prairies non permanentes et STH","Fourrages annuels","Maïs fourrage et ensilage (plante entière)","Maïs fourrage et ensilage (plante entière) non irrigué","Maïs fourrage et ensilage (plante entière) non irrigué","64 - Pyrénées-Atlantiques",61980917,458490,135.2
"Fourrages annuels, prairies non permanentes et STH","Fourrages annuels","Maïs fourrage et ensilage (plante entière)","Maïs fourrage et ensilage (plante entière) non irrigué","Maïs fourrage et ensilage (plante entière) non irrigué","79 - Deux-Sèvres",63514590,569006,111.6
"Fourrages annuels, prairies non permanentes et STH","Fourrages annuels","Maïs fourrage et ensilage (plante entière)","Maïs fourrage et ensilage (plante entière) non irrigué","Maïs fourrage et ensilage (plante entière) non irrigué","86 - Vienne",18882864,194110,97.3
"Fourrages annuels, prairies non permanentes et STH","Fourrages annuels","Maïs fourrage et ensilage (plante entière)","Maïs fourrage et ensilage (plante entière) non irrigué","Maïs fourrage et ensilage (plante entière) non irrigué","87 - Haute-Vienne",36261620,333273,108.8
"Fourrages annuels, prairies non permanentes et STH","Fourrages annuels","Maïs fourrage et ensilage (plante entière)","Maïs fourrage et ensilage (plante entière) non irrigué","Maïs fourrage et ensilage (plante entière) non irrigué","09 - Ariège",5243826,55782,94
"Fourrages annuels, prairies non permanentes et STH","Fourrages annuels","Maïs fourrage et ensilage (plante entière)","Maïs fourrage et ensilage (plante entière) non irrigué","Maïs fourrage et ensilage (plante entière) non irrigué","11 - Aude",730163,8478,86.1
"Fourrages annuels, prairies non permanentes et STH","Fourrages annuels","Maïs fourrage et ensilage (plante entière)","Maïs fourrage et ensilage (plante entière) non irrigué","Maïs fourrage et ensilage (plante entière) non irrigué","12 - Aveyron",25223181,250154,100.8
"Fourrages annuels, prairies non permanentes et STH","Fourrages annuels","Maïs fourrage et ensilage (plante entière)","Maïs fourrage et ensilage (plante entière) non irrigué","Maïs fourrage et ensilage (plante entière) non irrigué","30 - Gard",3410,53,64.3
"Fourrages annuels, prairies non permanentes et STH","Fourrages annuels","Maïs fourrage et ensilage (plante entière)","Maïs fourrage et ensilage (plante entière) non irrigué","Maïs fourrage et ensilage (plante entière) non irrigué","31 - Haute-Garonne",9424861,93838,100.4
"Fourrages annuels, prairies non permanentes et STH","Fourrages annuels","Maïs fourrage et ensilage (plante entière)","Maïs fourrage et ensilage (plante entière) non irrigué","Maïs fourrage et ensilage (plante entière) non irrigué","32 - Gers",4841916,47067,102.9
"Fourrages annuels, prairies non permanentes et STH","Fourrages annuels","Maïs fourrage et ensilage (plante entière)","Maïs fourrage et ensilage (plante entière) non irrigué","Maïs fourrage et ensilage (plante entière) non irrigué","34 - Hérault",36522,511,71.5
"Fourrages annuels, prairies non permanentes et STH","Fourrages annuels","Maïs fourrage et ensilage (plante entière)","Maïs fourrage et ensilage (plante entière) non irrigué","Maïs fourrage et ensilage (plante entière) non irrigué","46 - Lot",7250243,86401,83.9
"Fourrages annuels, prairies non permanentes et STH","Fourrages annuels","Maïs fourrage et ensilage (plante entière)","Maïs fourrage et ensilage (plante entière) non irrigué","Maïs fourrage et ensilage (plante entière) non irrigué","48 - Lozère",338043,4598,73.5
"Fourrages annuels, prairies non permanentes et STH","Fourrages annuels","Maïs fourrage et ensilage (plante entière)","Maïs fourrage et ensilage (plante entière) non irrigué","Maïs fourrage et ensilage (plante entière) non irrigué","65 - Hautes-Pyrénées",8589551,77972,110.2
"Fourrages annuels, prairies non permanentes et STH","Fourrages annuels","Maïs fourrage et ensilage (plante entière)","Maïs fourrage et ensilage (plante entière) non irrigué","Maïs fourrage et ensilage (plante entière) non irrigué","66 - Pyrénées-Orientales",67830,850,79.8
"Fourrages annuels, prairies non permanentes et STH","Fourrages annuels","Maïs fourrage et ensilage (plante entière)","Maïs fourrage et ensilage (plante entière) non irrigué","Maïs fourrage et ensilage (plante entière) non irrigué","81 - Tarn",10104588,104097,97.1
"Fourrages annuels, prairies non permanentes et STH","Fourrages annuels","Maïs fourrage et ensilage (plante entière)","Maïs fourrage et ensilage (plante entière) non irrigué","Maïs fourrage et ensilage (plante entière) non irrigué","82 - Tarn-et-Garonne",5665783,52762,107.4
"Fourrages annuels, prairies non permanentes et STH","Fourrages annuels","Maïs fourrage et ensilage (plante entière)","Maïs fourrage et ensilage (plante entière) non irrigué","Maïs fourrage et ensilage (plante entière) non irrigué","01 - Ain",36731410,294124,124.9
"Fourrages annuels, prairies non permanentes et STH","Fourrages annuels","Maïs fourrage et ensilage (plante entière)","Maïs fourrage et ensilage (plante entière) non irrigué","Maïs fourrage et ensilage (plante entière) non irrigué","03 - Allier",19254183,188481,102.2
"Fourrages annuels, prairies non permanentes et STH","Fourrages annuels","Maïs fourrage et ensilage (plante entière)","Maïs fourrage et ensilage (plante entière) non irrigué","Maïs fourrage et ensilage (plante entière) non irrigué","07 - Ardèche",1609850,17735,90.8
"Fourrages annuels, prairies non permanentes et STH","Fourrages annuels","Maïs fourrage et ensilage (plante entière)","Maïs fourrage et ensilage (plante entière) non irrigué","Maïs fourrage et ensilage (plante entière) non irrigué","15 - Cantal",12358884,117711,105
"Fourrages annuels, prairies non permanentes et STH","Fourrages annuels","Maïs fourrage et ensilage (plante entière)","Maïs fourrage et ensilage (plante entière) non irrigué","Maïs fourrage et ensilage (plante entière) non irrigué","26 - Drôme",1830682,17821,102.7
"Fourrages annuels, prairies non permanentes et STH","Fourrages annuels","Maïs fourrage et ensilage (plante entière)","Maïs fourrage et ensilage (plante entière) non irrigué","Maïs fourrage et ensilage (plante entière) non irrigué","38 - Isère",23294965,220684,105.6
"Fourrages annuels, prairies non permanentes et STH","Fourrages annuels","Maïs fourrage et ensilage (plante entière)","Maïs fourrage et ensilage (plante entière) non irrigué","Maïs fourrage et ensilage (plante entière) non irrigué","42 - Loire",23935134,252654,94.7
"Fourrages annuels, prairies non permanentes et STH","Fourrages annuels","Maïs fourrage et ensilage (plante entière)","Maïs fourrage et ensilage (plante entière) non irrigué","Maïs fourrage et ensilage (plante entière) non irrigué","43 - Haute-Loire",13278410,160284,82.8
"Fourrages annuels, prairies non permanentes et STH","Fourrages annuels","Maïs fourrage et ensilage (plante entière)","Maïs fourrage et ensilage (plante entière) non irrigué","Maïs fourrage et ensilage (plante entière) non irrigué","63 - Puy-de-Dôme",12485079,124057,100.6
"Fourrages annuels, prairies non permanentes et STH","Fourrages annuels","Maïs fourrage et ensilage (plante entière)","Maïs fourrage et ensilage (plante entière) non irrigué","Maïs fourrage et ensilage (plante entière) non irrigué","69 - Rhône",14681250,154906,94.8
"Fourrages annuels, prairies non permanentes et STH","Fourrages annuels","Maïs fourrage et ensilage (plante entière)","Maïs fourrage et ensilage (plante entière) non irrigué","Maïs fourrage et ensilage (plante entière) non irrigué","73 - Savoie",2926585,25195,116.2
"Fourrages annuels, prairies non permanentes et STH","Fourrages annuels","Maïs fourrage et ensilage (plante entière)","Maïs fourrage et ensilage (plante entière) non irrigué","Maïs fourrage et ensilage (plante entière) non irrigué","74 - Haute-Savoie",6181486,65443,94.5
"Fourrages annuels, prairies non permanentes et STH","Fourrages annuels","Maïs fourrage et ensilage (plante entière)","Maïs fourrage et ensilage (plante entière) non irrigué","Maïs fourrage et ensilage (plante entière) non irrigué","04 - Alpes-de-Haute-Provence",82177,779,105.5
"Fourrages annuels, prairies non permanentes et STH","Fourrages annuels","Maïs fourrage et ensilage (plante entière)","Maïs fourrage et ensilage (plante entière) non irrigué","Maïs fourrage et ensilage (plante entière) non irrigué","05 - Hautes-Alpes",420555,3770,111.6
"Fourrages annuels, prairies non permanentes et STH","Fourrages annuels","Maïs fourrage et ensilage (plante entière)","Maïs fourrage et ensilage (plante entière) non irrigué","Maïs fourrage et ensilage (plante entière) non irrigué","06 - Alpes-Maritimes",0,0,NA
"Fourrages annuels, prairies non permanentes et STH","Fourrages annuels","Maïs fourrage et ensilage (plante entière)","Maïs fourrage et ensilage (plante entière) non irrigué","Maïs fourrage et ensilage (plante entière) non irrigué","13 - Bouches-du-Rhône",6910,113,61.2
"Fourrages annuels, prairies non permanentes et STH","Fourrages annuels","Maïs fourrage et ensilage (plante entière)","Maïs fourrage et ensilage (plante entière) non irrigué","Maïs fourrage et ensilage (plante entière) non irrigué","83 - Var",2820,30,94
"Fourrages annuels, prairies non permanentes et STH","Fourrages annuels","Maïs fourrage et ensilage (plante entière)","Maïs fourrage et ensilage (plante entière) non irrigué","Maïs fourrage et ensilage (plante entière) non irrigué","84 - Vaucluse",525,7,75
"Fourrages annuels, prairies non permanentes et STH","Fourrages annuels","Maïs fourrage et ensilage (plante entière)","Maïs fourrage et ensilage (plante entière) non irrigué","Maïs fourrage et ensilage (plante entière) non irrigué","2A - Corse-du-Sud",5148,54,95.3
"Fourrages annuels, prairies non permanentes et STH","Fourrages annuels","Maïs fourrage et ensilage (plante entière)","Maïs fourrage et ensilage (plante entière) non irrigué","Maïs fourrage et ensilage (plante entière) non irrigué","2B - Haute-Corse",86735,1066,81.4
"Fourrages annuels, prairies non permanentes et STH","Fourrages annuels","Autres fourrages annuels, n.c.a.","Autres fourrages annuels, n.c.a.","Autres fourrages annuels, n.c.a.","971 - Guadeloupe",1320,91,NA
"Fourrages annuels, prairies non permanentes et STH","Fourrages annuels","Autres fourrages annuels, n.c.a.","Autres fourrages annuels, n.c.a.","Autres fourrages annuels, n.c.a.","972 - Martinique",1396,490,NA
"Fourrages annuels, prairies non permanentes et STH","Fourrages annuels","Autres fourrages annuels, n.c.a.","Autres fourrages annuels, n.c.a.","Autres fourrages annuels, n.c.a.","973 - Guyane",97105,1813,NA
"Fourrages annuels, prairies non permanentes et STH","Fourrages annuels","Autres fourrages annuels, n.c.a.","Autres fourrages annuels, n.c.a.","Autres fourrages annuels, n.c.a.","974 - La Réunion",821090,7107,NA
"Fourrages annuels, prairies non permanentes et STH","Fourrages annuels","Autres fourrages annuels, n.c.a.","Autres fourrages annuels, n.c.a.","Autres fourrages annuels, n.c.a.","976 - Mayotte",22500,450,NA
"Fourrages annuels, prairies non permanentes et STH","Fourrages annuels","Autres fourrages annuels, n.c.a.","Autres fourrages annuels, n.c.a.","Autres fourrages annuels, n.c.a.","77 - Seine-et-Marne",1214285,6318,NA
"Fourrages annuels, prairies non permanentes et STH","Fourrages annuels","Autres fourrages annuels, n.c.a.","Autres fourrages annuels, n.c.a.","Autres fourrages annuels, n.c.a.","78 - Yvelines",141640,1327,NA
"Fourrages annuels, prairies non permanentes et STH","Fourrages annuels","Autres fourrages annuels, n.c.a.","Autres fourrages annuels, n.c.a.","Autres fourrages annuels, n.c.a.","91 - Essonne",132855,1184,NA
"Fourrages annuels, prairies non permanentes et STH","Fourrages annuels","Autres fourrages annuels, n.c.a.","Autres fourrages annuels, n.c.a.","Autres fourrages annuels, n.c.a.","92 - Hauts-de-Seine",0,0,NA
"Fourrages annuels, prairies non permanentes et STH","Fourrages annuels","Autres fourrages annuels, n.c.a.","Autres fourrages annuels, n.c.a.","Autres fourrages annuels, n.c.a.","93 - Seine-Saint-Denis",500,5,NA
"Fourrages annuels, prairies non permanentes et STH","Fourrages annuels","Autres fourrages annuels, n.c.a.","Autres fourrages annuels, n.c.a.","Autres fourrages annuels, n.c.a.","94 - Val-de-Marne",0,0,NA
"Fourrages annuels, prairies non permanentes et STH","Fourrages annuels","Autres fourrages annuels, n.c.a.","Autres fourrages annuels, n.c.a.","Autres fourrages annuels, n.c.a.","95 - Val-d'Oise",107155,554,NA
"Fourrages annuels, prairies non permanentes et STH","Fourrages annuels","Autres fourrages annuels, n.c.a.","Autres fourrages annuels, n.c.a.","Autres fourrages annuels, n.c.a.","18 - Cher",711171,13233,NA
"Fourrages annuels, prairies non permanentes et STH","Fourrages annuels","Autres fourrages annuels, n.c.a.","Autres fourrages annuels, n.c.a.","Autres fourrages annuels, n.c.a.","28 - Eure-et-Loir",426281,8926,NA
"Fourrages annuels, prairies non permanentes et STH","Fourrages annuels","Autres fourrages annuels, n.c.a.","Autres fourrages annuels, n.c.a.","Autres fourrages annuels, n.c.a.","36 - Indre",790671,14261,NA
"Fourrages annuels, prairies non permanentes et STH","Fourrages annuels","Autres fourrages annuels, n.c.a.","Autres fourrages annuels, n.c.a.","Autres fourrages annuels, n.c.a.","37 - Indre-et-Loire",336167,7069,NA
"Fourrages annuels, prairies non permanentes et STH","Fourrages annuels","Autres fourrages annuels, n.c.a.","Autres fourrages annuels, n.c.a.","Autres fourrages annuels, n.c.a.","41 - Loir-et-Cher",643422,12254,NA
"Fourrages annuels, prairies non permanentes et STH","Fourrages annuels","Autres fourrages annuels, n.c.a.","Autres fourrages annuels, n.c.a.","Autres fourrages annuels, n.c.a.","45 - Loiret",668500,16223,NA
"Fourrages annuels, prairies non permanentes et STH","Fourrages annuels","Autres fourrages annuels, n.c.a.","Autres fourrages annuels, n.c.a.","Autres fourrages annuels, n.c.a.","21 - Côte-d'Or",677443,14655,NA
"Fourrages annuels, prairies non permanentes et STH","Fourrages annuels","Autres fourrages annuels, n.c.a.","Autres fourrages annuels, n.c.a.","Autres fourrages annuels, n.c.a.","25 - Doubs",81580,1141,NA
"Fourrages annuels, prairies non permanentes et STH","Fourrages annuels","Autres fourrages annuels, n.c.a.","Autres fourrages annuels, n.c.a.","Autres fourrages annuels, n.c.a.","39 - Jura",291789,4398,NA
"Fourrages annuels, prairies non permanentes et STH","Fourrages annuels","Autres fourrages annuels, n.c.a.","Autres fourrages annuels, n.c.a.","Autres fourrages annuels, n.c.a.","58 - Nièvre",541605,12449,NA
"Fourrages annuels, prairies non permanentes et STH","Fourrages annuels","Autres fourrages annuels, n.c.a.","Autres fourrages annuels, n.c.a.","Autres fourrages annuels, n.c.a.","70 - Haute-Saône",219840,4265,NA
"Fourrages annuels, prairies non permanentes et STH","Fourrages annuels","Autres fourrages annuels, n.c.a.","Autres fourrages annuels, n.c.a.","Autres fourrages annuels, n.c.a.","71 - Saône-et-Loire",396323,7269,NA
"Fourrages annuels, prairies non permanentes et STH","Fourrages annuels","Autres fourrages annuels, n.c.a.","Autres fourrages annuels, n.c.a.","Autres fourrages annuels, n.c.a.","89 - Yonne",753447,15385,NA
"Fourrages annuels, prairies non permanentes et STH","Fourrages annuels","Autres fourrages annuels, n.c.a.","Autres fourrages annuels, n.c.a.","Autres fourrages annuels, n.c.a.","90 - Territoire-de-Belfort",19940,252,NA
"Fourrages annuels, prairies non permanentes et STH","Fourrages annuels","Autres fourrages annuels, n.c.a.","Autres fourrages annuels, n.c.a.","Autres fourrages annuels, n.c.a.","14 - Calvados",682786,7426,NA
"Fourrages annuels, prairies non permanentes et STH","Fourrages annuels","Autres fourrages annuels, n.c.a.","Autres fourrages annuels, n.c.a.","Autres fourrages annuels, n.c.a.","27 - Eure",287895,10616,NA
"Fourrages annuels, prairies non permanentes et STH","Fourrages annuels","Autres fourrages annuels, n.c.a.","Autres fourrages annuels, n.c.a.","Autres fourrages annuels, n.c.a.","50 - Manche",631914,5444,NA
"Fourrages annuels, prairies non permanentes et STH","Fourrages annuels","Autres fourrages annuels, n.c.a.","Autres fourrages annuels, n.c.a.","Autres fourrages annuels, n.c.a.","61 - Orne",2512970,24348,NA
"Fourrages annuels, prairies non permanentes et STH","Fourrages annuels","Autres fourrages annuels, n.c.a.","Autres fourrages annuels, n.c.a.","Autres fourrages annuels, n.c.a.","76 - Seine-Maritime",579740,23047,NA
"Fourrages annuels, prairies non permanentes et STH","Fourrages annuels","Autres fourrages annuels, n.c.a.","Autres fourrages annuels, n.c.a.","Autres fourrages annuels, n.c.a.","02 - Aisne",850601,11865,NA
"Fourrages annuels, prairies non permanentes et STH","Fourrages annuels","Autres fourrages annuels, n.c.a.","Autres fourrages annuels, n.c.a.","Autres fourrages annuels, n.c.a.","59 - Nord",491608,9715,NA
"Fourrages annuels, prairies non permanentes et STH","Fourrages annuels","Autres fourrages annuels, n.c.a.","Autres fourrages annuels, n.c.a.","Autres fourrages annuels, n.c.a.","60 - Oise",1377033,23558,NA
"Fourrages annuels, prairies non permanentes et STH","Fourrages annuels","Autres fourrages annuels, n.c.a.","Autres fourrages annuels, n.c.a.","Autres fourrages annuels, n.c.a.","62 - Pas-de-Calais",2849197,61910,NA
"Fourrages annuels, prairies non permanentes et STH","Fourrages annuels","Autres fourrages annuels, n.c.a.","Autres fourrages annuels, n.c.a.","Autres fourrages annuels, n.c.a.","80 - Somme",1877622,35431,NA
"Fourrages annuels, prairies non permanentes et STH","Fourrages annuels","Autres fourrages annuels, n.c.a.","Autres fourrages annuels, n.c.a.","Autres fourrages annuels, n.c.a.","08 - Ardennes",421780,5870,NA
"Fourrages annuels, prairies non permanentes et STH","Fourrages annuels","Autres fourrages annuels, n.c.a.","Autres fourrages annuels, n.c.a.","Autres fourrages annuels, n.c.a.","10 - Aube",746776,8997,NA
"Fourrages annuels, prairies non permanentes et STH","Fourrages annuels","Autres fourrages annuels, n.c.a.","Autres fourrages annuels, n.c.a.","Autres fourrages annuels, n.c.a.","51 - Marne",948626,10987,NA
"Fourrages annuels, prairies non permanentes et STH","Fourrages annuels","Autres fourrages annuels, n.c.a.","Autres fourrages annuels, n.c.a.","Autres fourrages annuels, n.c.a.","52 - Haute-Marne",2027804,28773,NA
"Fourrages annuels, prairies non permanentes et STH","Fourrages annuels","Autres fourrages annuels, n.c.a.","Autres fourrages annuels, n.c.a.","Autres fourrages annuels, n.c.a.","54 - Meurthe-et-Moselle",397119,11855,NA
"Fourrages annuels, prairies non permanentes et STH","Fourrages annuels","Autres fourrages annuels, n.c.a.","Autres fourrages annuels, n.c.a.","Autres fourrages annuels, n.c.a.","55 - Meuse",640372,12939,NA
"Fourrages annuels, prairies non permanentes et STH","Fourrages annuels","Autres fourrages annuels, n.c.a.","Autres fourrages annuels, n.c.a.","Autres fourrages annuels, n.c.a.","57 - Moselle",676511,14155,NA
"Fourrages annuels, prairies non permanentes et STH","Fourrages annuels","Autres fourrages annuels, n.c.a.","Autres fourrages annuels, n.c.a.","Autres fourrages annuels, n.c.a.","67 - Bas-Rhin",811617,14814,NA
"Fourrages annuels, prairies non permanentes et STH","Fourrages annuels","Autres fourrages annuels, n.c.a.","Autres fourrages annuels, n.c.a.","Autres fourrages annuels, n.c.a.","68 - Haut-Rhin",1129631,9925,NA
"Fourrages annuels, prairies non permanentes et STH","Fourrages annuels","Autres fourrages annuels, n.c.a.","Autres fourrages annuels, n.c.a.","Autres fourrages annuels, n.c.a.","88 - Vosges",400488,10433,NA
"Fourrages annuels, prairies non permanentes et STH","Fourrages annuels","Autres fourrages annuels, n.c.a.","Autres fourrages annuels, n.c.a.","Autres fourrages annuels, n.c.a.","44 - Loire-Atlantique",10437756,367643,NA
"Fourrages annuels, prairies non permanentes et STH","Fourrages annuels","Autres fourrages annuels, n.c.a.","Autres fourrages annuels, n.c.a.","Autres fourrages annuels, n.c.a.","49 - Maine-et-Loire",5063209,166621,NA
"Fourrages annuels, prairies non permanentes et STH","Fourrages annuels","Autres fourrages annuels, n.c.a.","Autres fourrages annuels, n.c.a.","Autres fourrages annuels, n.c.a.","53 - Mayenne",15255290,448051,NA
"Fourrages annuels, prairies non permanentes et STH","Fourrages annuels","Autres fourrages annuels, n.c.a.","Autres fourrages annuels, n.c.a.","Autres fourrages annuels, n.c.a.","72 - Sarthe",4368829,154974,NA
"Fourrages annuels, prairies non permanentes et STH","Fourrages annuels","Autres fourrages annuels, n.c.a.","Autres fourrages annuels, n.c.a.","Autres fourrages annuels, n.c.a.","85 - Vendée",24632839,639088,NA
"Fourrages annuels, prairies non permanentes et STH","Fourrages annuels","Autres fourrages annuels, n.c.a.","Autres fourrages annuels, n.c.a.","Autres fourrages annuels, n.c.a.","22 - Côtes-d'Armor",12139680,200696,NA
"Fourrages annuels, prairies non permanentes et STH","Fourrages annuels","Autres fourrages annuels, n.c.a.","Autres fourrages annuels, n.c.a.","Autres fourrages annuels, n.c.a.","29 - Finistère",27461504,553660,NA
"Fourrages annuels, prairies non permanentes et STH","Fourrages annuels","Autres fourrages annuels, n.c.a.","Autres fourrages annuels, n.c.a.","Autres fourrages annuels, n.c.a.","35 - Ille-et-Vilaine",31752718,973610,NA
"Fourrages annuels, prairies non permanentes et STH","Fourrages annuels","Autres fourrages annuels, n.c.a.","Autres fourrages annuels, n.c.a.","Autres fourrages annuels, n.c.a.","56 - Morbihan",9310276,200040,NA
"Fourrages annuels, prairies non permanentes et STH","Fourrages annuels","Autres fourrages annuels, n.c.a.","Autres fourrages annuels, n.c.a.","Autres fourrages annuels, n.c.a.","16 - Charente",3731428,51716,NA
"Fourrages annuels, prairies non permanentes et STH","Fourrages annuels","Autres fourrages annuels, n.c.a.","Autres fourrages annuels, n.c.a.","Autres fourrages annuels, n.c.a.","17 - Charente-Maritime",5482276,94405,NA
"Fourrages annuels, prairies non permanentes et STH","Fourrages annuels","Autres fourrages annuels, n.c.a.","Autres fourrages annuels, n.c.a.","Autres fourrages annuels, n.c.a.","19 - Corrèze",733610,9239,NA
"Fourrages annuels, prairies non permanentes et STH","Fourrages annuels","Autres fourrages annuels, n.c.a.","Autres fourrages annuels, n.c.a.","Autres fourrages annuels, n.c.a.","23 - Creuse",815775,12553,NA
"Fourrages annuels, prairies non permanentes et STH","Fourrages annuels","Autres fourrages annuels, n.c.a.","Autres fourrages annuels, n.c.a.","Autres fourrages annuels, n.c.a.","24 - Dordogne",3096206,39770,NA
"Fourrages annuels, prairies non permanentes et STH","Fourrages annuels","Autres fourrages annuels, n.c.a.","Autres fourrages annuels, n.c.a.","Autres fourrages annuels, n.c.a.","33 - Gironde",1273739,22072,NA
"Fourrages annuels, prairies non permanentes et STH","Fourrages annuels","Autres fourrages annuels, n.c.a.","Autres fourrages annuels, n.c.a.","Autres fourrages annuels, n.c.a.","40 - Landes",3514274,30801,NA
"Fourrages annuels, prairies non permanentes et STH","Fourrages annuels","Autres fourrages annuels, n.c.a.","Autres fourrages annuels, n.c.a.","Autres fourrages annuels, n.c.a.","47 - Lot-et-Garonne",1994571,35737,NA
"Fourrages annuels, prairies non permanentes et STH","Fourrages annuels","Autres fourrages annuels, n.c.a.","Autres fourrages annuels, n.c.a.","Autres fourrages annuels, n.c.a.","64 - Pyrénées-Atlantiques",3891784,79095,NA
"Fourrages annuels, prairies non permanentes et STH","Fourrages annuels","Autres fourrages annuels, n.c.a.","Autres fourrages annuels, n.c.a.","Autres fourrages annuels, n.c.a.","79 - Deux-Sèvres",11541346,229753,NA
"Fourrages annuels, prairies non permanentes et STH","Fourrages annuels","Autres fourrages annuels, n.c.a.","Autres fourrages annuels, n.c.a.","Autres fourrages annuels, n.c.a.","86 - Vienne",4141506,80743,NA
"Fourrages annuels, prairies non permanentes et STH","Fourrages annuels","Autres fourrages annuels, n.c.a.","Autres fourrages annuels, n.c.a.","Autres fourrages annuels, n.c.a.","87 - Haute-Vienne",2306843,24774,NA
"Fourrages annuels, prairies non permanentes et STH","Fourrages annuels","Autres fourrages annuels, n.c.a.","Autres fourrages annuels, n.c.a.","Autres fourrages annuels, n.c.a.","09 - Ariège",983060,31139,NA
"Fourrages annuels, prairies non permanentes et STH","Fourrages annuels","Autres fourrages annuels, n.c.a.","Autres fourrages annuels, n.c.a.","Autres fourrages annuels, n.c.a.","11 - Aude",403893,8704,NA
"Fourrages annuels, prairies non permanentes et STH","Fourrages annuels","Autres fourrages annuels, n.c.a.","Autres fourrages annuels, n.c.a.","Autres fourrages annuels, n.c.a.","12 - Aveyron",2021970,56703,NA
"Fourrages annuels, prairies non permanentes et STH","Fourrages annuels","Autres fourrages annuels, n.c.a.","Autres fourrages annuels, n.c.a.","Autres fourrages annuels, n.c.a.","30 - Gard",312640,11353,NA
"Fourrages annuels, prairies non permanentes et STH","Fourrages annuels","Autres fourrages annuels, n.c.a.","Autres fourrages annuels, n.c.a.","Autres fourrages annuels, n.c.a.","31 - Haute-Garonne",1250704,32626,NA
"Fourrages annuels, prairies non permanentes et STH","Fourrages annuels","Autres fourrages annuels, n.c.a.","Autres fourrages annuels, n.c.a.","Autres fourrages annuels, n.c.a.","32 - Gers",1078618,22338,NA
"Fourrages annuels, prairies non permanentes et STH","Fourrages annuels","Autres fourrages annuels, n.c.a.","Autres fourrages annuels, n.c.a.","Autres fourrages annuels, n.c.a.","34 - Hérault",375159,12626,NA
"Fourrages annuels, prairies non permanentes et STH","Fourrages annuels","Autres fourrages annuels, n.c.a.","Autres fourrages annuels, n.c.a.","Autres fourrages annuels, n.c.a.","46 - Lot",1948064,47604,NA
"Fourrages annuels, prairies non permanentes et STH","Fourrages annuels","Autres fourrages annuels, n.c.a.","Autres fourrages annuels, n.c.a.","Autres fourrages annuels, n.c.a.","48 - Lozère",307513,11918,NA
"Fourrages annuels, prairies non permanentes et STH","Fourrages annuels","Autres fourrages annuels, n.c.a.","Autres fourrages annuels, n.c.a.","Autres fourrages annuels, n.c.a.","65 - Hautes-Pyrénées",911856,17162,NA
"Fourrages annuels, prairies non permanentes et STH","Fourrages annuels","Autres fourrages annuels, n.c.a.","Autres fourrages annuels, n.c.a.","Autres fourrages annuels, n.c.a.","66 - Pyrénées-Orientales",204363,8221,NA
"Fourrages annuels, prairies non permanentes et STH","Fourrages annuels","Autres fourrages annuels, n.c.a.","Autres fourrages annuels, n.c.a.","Autres fourrages annuels, n.c.a.","81 - Tarn",1411361,42259,NA
"Fourrages annuels, prairies non permanentes et STH","Fourrages annuels","Autres fourrages annuels, n.c.a.","Autres fourrages annuels, n.c.a.","Autres fourrages annuels, n.c.a.","82 - Tarn-et-Garonne",1123527,29110,NA
"Fourrages annuels, prairies non permanentes et STH","Fourrages annuels","Autres fourrages annuels, n.c.a.","Autres fourrages annuels, n.c.a.","Autres fourrages annuels, n.c.a.","01 - Ain",245593,3607,NA
"Fourrages annuels, prairies non permanentes et STH","Fourrages annuels","Autres fourrages annuels, n.c.a.","Autres fourrages annuels, n.c.a.","Autres fourrages annuels, n.c.a.","03 - Allier",1038128,16824,NA
"Fourrages annuels, prairies non permanentes et STH","Fourrages annuels","Autres fourrages annuels, n.c.a.","Autres fourrages annuels, n.c.a.","Autres fourrages annuels, n.c.a.","07 - Ardèche",648773,10858,NA
"Fourrages annuels, prairies non permanentes et STH","Fourrages annuels","Autres fourrages annuels, n.c.a.","Autres fourrages annuels, n.c.a.","Autres fourrages annuels, n.c.a.","15 - Cantal",154339,3212,NA
"Fourrages annuels, prairies non permanentes et STH","Fourrages annuels","Autres fourrages annuels, n.c.a.","Autres fourrages annuels, n.c.a.","Autres fourrages annuels, n.c.a.","26 - Drôme",473935,8913,NA
"Fourrages annuels, prairies non permanentes et STH","Fourrages annuels","Autres fourrages annuels, n.c.a.","Autres fourrages annuels, n.c.a.","Autres fourrages annuels, n.c.a.","38 - Isère",596494,15889,NA
"Fourrages annuels, prairies non permanentes et STH","Fourrages annuels","Autres fourrages annuels, n.c.a.","Autres fourrages annuels, n.c.a.","Autres fourrages annuels, n.c.a.","42 - Loire",164116,3560,NA
"Fourrages annuels, prairies non permanentes et STH","Fourrages annuels","Autres fourrages annuels, n.c.a.","Autres fourrages annuels, n.c.a.","Autres fourrages annuels, n.c.a.","43 - Haute-Loire",583863,14155,NA
"Fourrages annuels, prairies non permanentes et STH","Fourrages annuels","Autres fourrages annuels, n.c.a.","Autres fourrages annuels, n.c.a.","Autres fourrages annuels, n.c.a.","63 - Puy-de-Dôme",250481,4519,NA
"Fourrages annuels, prairies non permanentes et STH","Fourrages annuels","Autres fourrages annuels, n.c.a.","Autres fourrages annuels, n.c.a.","Autres fourrages annuels, n.c.a.","69 - Rhône",305218,6451,NA
"Fourrages annuels, prairies non permanentes et STH","Fourrages annuels","Autres fourrages annuels, n.c.a.","Autres fourrages annuels, n.c.a.","Autres fourrages annuels, n.c.a.","73 - Savoie",54363,717,NA
"Fourrages annuels, prairies non permanentes et STH","Fourrages annuels","Autres fourrages annuels, n.c.a.","Autres fourrages annuels, n.c.a.","Autres fourrages annuels, n.c.a.","74 - Haute-Savoie",7585,109,NA
"Fourrages annuels, prairies non permanentes et STH","Fourrages annuels","Autres fourrages annuels, n.c.a.","Autres fourrages annuels, n.c.a.","Autres fourrages annuels, n.c.a.","04 - Alpes-de-Haute-Provence",1588242,21540,NA
"Fourrages annuels, prairies non permanentes et STH","Fourrages annuels","Autres fourrages annuels, n.c.a.","Autres fourrages annuels, n.c.a.","Autres fourrages annuels, n.c.a.","05 - Hautes-Alpes",397698,5291,NA
"Fourrages annuels, prairies non permanentes et STH","Fourrages annuels","Autres fourrages annuels, n.c.a.","Autres fourrages annuels, n.c.a.","Autres fourrages annuels, n.c.a.","06 - Alpes-Maritimes",81324,1583,NA
"Fourrages annuels, prairies non permanentes et STH","Fourrages annuels","Autres fourrages annuels, n.c.a.","Autres fourrages annuels, n.c.a.","Autres fourrages annuels, n.c.a.","13 - Bouches-du-Rhône",1760569,23770,NA
"Fourrages annuels, prairies non permanentes et STH","Fourrages annuels","Autres fourrages annuels, n.c.a.","Autres fourrages annuels, n.c.a.","Autres fourrages annuels, n.c.a.","83 - Var",1867866,34016,NA
"Fourrages annuels, prairies non permanentes et STH","Fourrages annuels","Autres fourrages annuels, n.c.a.","Autres fourrages annuels, n.c.a.","Autres fourrages annuels, n.c.a.","84 - Vaucluse",311555,4715,NA
"Fourrages annuels, prairies non permanentes et STH","Fourrages annuels","Autres fourrages annuels, n.c.a.","Autres fourrages annuels, n.c.a.","Autres fourrages annuels, n.c.a.","2A - Corse-du-Sud",120188,3334,NA
"Fourrages annuels, prairies non permanentes et STH","Fourrages annuels","Autres fourrages annuels, n.c.a.","Autres fourrages annuels, n.c.a.","Autres fourrages annuels, n.c.a.","2B - Haute-Corse",542827,14576,NA
"Fourrages annuels, prairies non permanentes et STH","Prairies non permanentes et STH","Prairies non permanentes et STH","Prairies non permanentes et STH","Prairies non permanentes et STH","971 - Guadeloupe",18087505,580468,43.5
"Fourrages annuels, prairies non permanentes et STH","Prairies non permanentes et STH","Prairies non permanentes et STH","Prairies non permanentes et STH","Prairies non permanentes et STH","972 - Martinique",7105891,323523,37.3
"Fourrages annuels, prairies non permanentes et STH","Prairies non permanentes et STH","Prairies non permanentes et STH","Prairies non permanentes et STH","Prairies non permanentes et STH","973 - Guyane",5977545,131883,45.3
"Fourrages annuels, prairies non permanentes et STH","Prairies non permanentes et STH","Prairies non permanentes et STH","Prairies non permanentes et STH","Prairies non permanentes et STH","974 - La Réunion",11711465,242760,70.3
"Fourrages annuels, prairies non permanentes et STH","Prairies non permanentes et STH","Prairies non permanentes et STH","Prairies non permanentes et STH","Prairies non permanentes et STH","976 - Mayotte",2625,105,25
"Fourrages annuels, prairies non permanentes et STH","Prairies non permanentes et STH","Prairies non permanentes et STH","Prairies non permanentes et STH","Prairies non permanentes et STH","77 - Seine-et-Marne",27700859,445669,62.2
"Fourrages annuels, prairies non permanentes et STH","Prairies non permanentes et STH","Prairies non permanentes et STH","Prairies non permanentes et STH","Prairies non permanentes et STH","78 - Yvelines",14333609,262007,54.7
"Fourrages annuels, prairies non permanentes et STH","Prairies non permanentes et STH","Prairies non permanentes et STH","Prairies non permanentes et STH","Prairies non permanentes et STH","91 - Essonne",3796803,62526,60.7
"Fourrages annuels, prairies non permanentes et STH","Prairies non permanentes et STH","Prairies non permanentes et STH","Prairies non permanentes et STH","Prairies non permanentes et STH","92 - Hauts-de-Seine",2661,126,21.1
"Fourrages annuels, prairies non permanentes et STH","Prairies non permanentes et STH","Prairies non permanentes et STH","Prairies non permanentes et STH","Prairies non permanentes et STH","93 - Seine-Saint-Denis",2928,688,4.3
"Fourrages annuels, prairies non permanentes et STH","Prairies non permanentes et STH","Prairies non permanentes et STH","Prairies non permanentes et STH","Prairies non permanentes et STH","94 - Val-de-Marne",16020,662,24.2
"Fourrages annuels, prairies non permanentes et STH","Prairies non permanentes et STH","Prairies non permanentes et STH","Prairies non permanentes et STH","Prairies non permanentes et STH","95 - Val-d'Oise",6292829,95985,65.6
"Fourrages annuels, prairies non permanentes et STH","Prairies non permanentes et STH","Prairies non permanentes et STH","Prairies non permanentes et STH","Prairies non permanentes et STH","18 - Cher",133322720,2901539,45.9
"Fourrages annuels, prairies non permanentes et STH","Prairies non permanentes et STH","Prairies non permanentes et STH","Prairies non permanentes et STH","Prairies non permanentes et STH","28 - Eure-et-Loir",27081571,565997,47.8
"Fourrages annuels, prairies non permanentes et STH","Prairies non permanentes et STH","Prairies non permanentes et STH","Prairies non permanentes et STH","Prairies non permanentes et STH","36 - Indre",209357263,4195060,49.9
"Fourrages annuels, prairies non permanentes et STH","Prairies non permanentes et STH","Prairies non permanentes et STH","Prairies non permanentes et STH","Prairies non permanentes et STH","37 - Indre-et-Loire",68787487,1400509,49.1
"Fourrages annuels, prairies non permanentes et STH","Prairies non permanentes et STH","Prairies non permanentes et STH","Prairies non permanentes et STH","Prairies non permanentes et STH","41 - Loir-et-Cher",38919446,816194,47.7
"Fourrages annuels, prairies non permanentes et STH","Prairies non permanentes et STH","Prairies non permanentes et STH","Prairies non permanentes et STH","Prairies non permanentes et STH","45 - Loiret",26481909,570017,46.5
"Fourrages annuels, prairies non permanentes et STH","Prairies non permanentes et STH","Prairies non permanentes et STH","Prairies non permanentes et STH","Prairies non permanentes et STH","21 - Côte-d'Or",166253172,3420491,48.6
"Fourrages annuels, prairies non permanentes et STH","Prairies non permanentes et STH","Prairies non permanentes et STH","Prairies non permanentes et STH","Prairies non permanentes et STH","25 - Doubs",214669264,4274780,50.2
"Fourrages annuels, prairies non permanentes et STH","Prairies non permanentes et STH","Prairies non permanentes et STH","Prairies non permanentes et STH","Prairies non permanentes et STH","39 - Jura",147615746,3122878,47.3
"Fourrages annuels, prairies non permanentes et STH","Prairies non permanentes et STH","Prairies non permanentes et STH","Prairies non permanentes et STH","Prairies non permanentes et STH","58 - Nièvre",256402932,5182731,49.5
"Fourrages annuels, prairies non permanentes et STH","Prairies non permanentes et STH","Prairies non permanentes et STH","Prairies non permanentes et STH","Prairies non permanentes et STH","70 - Haute-Saône",152884230,2891598,52.9
"Fourrages annuels, prairies non permanentes et STH","Prairies non permanentes et STH","Prairies non permanentes et STH","Prairies non permanentes et STH","Prairies non permanentes et STH","71 - Saône-et-Loire",472927116,8493012,55.7
"Fourrages annuels, prairies non permanentes et STH","Prairies non permanentes et STH","Prairies non permanentes et STH","Prairies non permanentes et STH","Prairies non permanentes et STH","89 - Yonne",81971105,1696462,48.3
"Fourrages annuels, prairies non permanentes et STH","Prairies non permanentes et STH","Prairies non permanentes et STH","Prairies non permanentes et STH","Prairies non permanentes et STH","90 - Territoire-de-Belfort",14875038,263097,56.5
"Fourrages annuels, prairies non permanentes et STH","Prairies non permanentes et STH","Prairies non permanentes et STH","Prairies non permanentes et STH","Prairies non permanentes et STH","14 - Calvados",277093194,4508891,61.5
"Fourrages annuels, prairies non permanentes et STH","Prairies non permanentes et STH","Prairies non permanentes et STH","Prairies non permanentes et STH","Prairies non permanentes et STH","27 - Eure",112461906,1933499,58.2
"Fourrages annuels, prairies non permanentes et STH","Prairies non permanentes et STH","Prairies non permanentes et STH","Prairies non permanentes et STH","Prairies non permanentes et STH","50 - Manche",519018966,6194144,83.8
"Fourrages annuels, prairies non permanentes et STH","Prairies non permanentes et STH","Prairies non permanentes et STH","Prairies non permanentes et STH","Prairies non permanentes et STH","61 - Orne",257560453,4698226,54.8
"Fourrages annuels, prairies non permanentes et STH","Prairies non permanentes et STH","Prairies non permanentes et STH","Prairies non permanentes et STH","Prairies non permanentes et STH","76 - Seine-Maritime",227812469,3002702,75.9
"Fourrages annuels, prairies non permanentes et STH","Prairies non permanentes et STH","Prairies non permanentes et STH","Prairies non permanentes et STH","Prairies non permanentes et STH","02 - Aisne",121416802,1748514,69.4
"Fourrages annuels, prairies non permanentes et STH","Prairies non permanentes et STH","Prairies non permanentes et STH","Prairies non permanentes et STH","Prairies non permanentes et STH","59 - Nord",137122415,2015257,68
"Fourrages annuels, prairies non permanentes et STH","Prairies non permanentes et STH","Prairies non permanentes et STH","Prairies non permanentes et STH","Prairies non permanentes et STH","60 - Oise",65747050,994536,66.1
"Fourrages annuels, prairies non permanentes et STH","Prairies non permanentes et STH","Prairies non permanentes et STH","Prairies non permanentes et STH","Prairies non permanentes et STH","62 - Pas-de-Calais",123429820,1912746,64.5
"Fourrages annuels, prairies non permanentes et STH","Prairies non permanentes et STH","Prairies non permanentes et STH","Prairies non permanentes et STH","Prairies non permanentes et STH","80 - Somme",80464948,1181468,68.1
"Fourrages annuels, prairies non permanentes et STH","Prairies non permanentes et STH","Prairies non permanentes et STH","Prairies non permanentes et STH","Prairies non permanentes et STH","08 - Ardennes",192473203,3020121,63.7
"Fourrages annuels, prairies non permanentes et STH","Prairies non permanentes et STH","Prairies non permanentes et STH","Prairies non permanentes et STH","Prairies non permanentes et STH","10 - Aube",60153961,829697,72.5
"Fourrages annuels, prairies non permanentes et STH","Prairies non permanentes et STH","Prairies non permanentes et STH","Prairies non permanentes et STH","Prairies non permanentes et STH","51 - Marne",132022443,1393202,94.8
"Fourrages annuels, prairies non permanentes et STH","Prairies non permanentes et STH","Prairies non permanentes et STH","Prairies non permanentes et STH","Prairies non permanentes et STH","52 - Haute-Marne",129055845,2370126,54.5
"Fourrages annuels, prairies non permanentes et STH","Prairies non permanentes et STH","Prairies non permanentes et STH","Prairies non permanentes et STH","Prairies non permanentes et STH","54 - Meurthe-et-Moselle",136656765,2255284,60.6
"Fourrages annuels, prairies non permanentes et STH","Prairies non permanentes et STH","Prairies non permanentes et STH","Prairies non permanentes et STH","Prairies non permanentes et STH","55 - Meuse",154121282,2396525,64.3
"Fourrages annuels, prairies non permanentes et STH","Prairies non permanentes et STH","Prairies non permanentes et STH","Prairies non permanentes et STH","Prairies non permanentes et STH","57 - Moselle",181301288,2985994,60.7
"Fourrages annuels, prairies non permanentes et STH","Prairies non permanentes et STH","Prairies non permanentes et STH","Prairies non permanentes et STH","Prairies non permanentes et STH","67 - Bas-Rhin",66274285,1228939,53.9
"Fourrages annuels, prairies non permanentes et STH","Prairies non permanentes et STH","Prairies non permanentes et STH","Prairies non permanentes et STH","Prairies non permanentes et STH","68 - Haut-Rhin",37331769,734167,50.8
"Fourrages annuels, prairies non permanentes et STH","Prairies non permanentes et STH","Prairies non permanentes et STH","Prairies non permanentes et STH","Prairies non permanentes et STH","88 - Vosges",191324017,3217300,59.5
"Fourrages annuels, prairies non permanentes et STH","Prairies non permanentes et STH","Prairies non permanentes et STH","Prairies non permanentes et STH","Prairies non permanentes et STH","44 - Loire-Atlantique",305718565,5473519,55.9
"Fourrages annuels, prairies non permanentes et STH","Prairies non permanentes et STH","Prairies non permanentes et STH","Prairies non permanentes et STH","Prairies non permanentes et STH","49 - Maine-et-Loire",316478018,4888770,64.7
"Fourrages annuels, prairies non permanentes et STH","Prairies non permanentes et STH","Prairies non permanentes et STH","Prairies non permanentes et STH","Prairies non permanentes et STH","53 - Mayenne",305343592,4131611,73.9
"Fourrages annuels, prairies non permanentes et STH","Prairies non permanentes et STH","Prairies non permanentes et STH","Prairies non permanentes et STH","Prairies non permanentes et STH","72 - Sarthe",175022988,3506949,49.9
"Fourrages annuels, prairies non permanentes et STH","Prairies non permanentes et STH","Prairies non permanentes et STH","Prairies non permanentes et STH","Prairies non permanentes et STH","85 - Vendée",336688869,4499816,74.8
"Fourrages annuels, prairies non permanentes et STH","Prairies non permanentes et STH","Prairies non permanentes et STH","Prairies non permanentes et STH","Prairies non permanentes et STH","22 - Côtes-d'Armor",241735814,3458644,69.9
"Fourrages annuels, prairies non permanentes et STH","Prairies non permanentes et STH","Prairies non permanentes et STH","Prairies non permanentes et STH","Prairies non permanentes et STH","29 - Finistère",239774755,3368723,71.2
"Fourrages annuels, prairies non permanentes et STH","Prairies non permanentes et STH","Prairies non permanentes et STH","Prairies non permanentes et STH","Prairies non permanentes et STH","35 - Ille-et-Vilaine",261910029,4010387,65.3
"Fourrages annuels, prairies non permanentes et STH","Prairies non permanentes et STH","Prairies non permanentes et STH","Prairies non permanentes et STH","Prairies non permanentes et STH","56 - Morbihan",214071956,3334079,64.2
"Fourrages annuels, prairies non permanentes et STH","Prairies non permanentes et STH","Prairies non permanentes et STH","Prairies non permanentes et STH","Prairies non permanentes et STH","16 - Charente",171673423,2329438,73.7
"Fourrages annuels, prairies non permanentes et STH","Prairies non permanentes et STH","Prairies non permanentes et STH","Prairies non permanentes et STH","Prairies non permanentes et STH","17 - Charente-Maritime",85334441,1633749,52.2
"Fourrages annuels, prairies non permanentes et STH","Prairies non permanentes et STH","Prairies non permanentes et STH","Prairies non permanentes et STH","Prairies non permanentes et STH","19 - Corrèze",226606097,4514993,50.2
"Fourrages annuels, prairies non permanentes et STH","Prairies non permanentes et STH","Prairies non permanentes et STH","Prairies non permanentes et STH","Prairies non permanentes et STH","23 - Creuse",307634360,5853040,52.6
"Fourrages annuels, prairies non permanentes et STH","Prairies non permanentes et STH","Prairies non permanentes et STH","Prairies non permanentes et STH","Prairies non permanentes et STH","24 - Dordogne",237125829,4730682,50.1
"Fourrages annuels, prairies non permanentes et STH","Prairies non permanentes et STH","Prairies non permanentes et STH","Prairies non permanentes et STH","Prairies non permanentes et STH","33 - Gironde",63367511,1465718,43.2
"Fourrages annuels, prairies non permanentes et STH","Prairies non permanentes et STH","Prairies non permanentes et STH","Prairies non permanentes et STH","Prairies non permanentes et STH","40 - Landes",35535959,650360,54.6
"Fourrages annuels, prairies non permanentes et STH","Prairies non permanentes et STH","Prairies non permanentes et STH","Prairies non permanentes et STH","Prairies non permanentes et STH","47 - Lot-et-Garonne",63668350,1298046,49
"Fourrages annuels, prairies non permanentes et STH","Prairies non permanentes et STH","Prairies non permanentes et STH","Prairies non permanentes et STH","Prairies non permanentes et STH","64 - Pyrénées-Atlantiques",322289409,6325539,51
"Fourrages annuels, prairies non permanentes et STH","Prairies non permanentes et STH","Prairies non permanentes et STH","Prairies non permanentes et STH","Prairies non permanentes et STH","79 - Deux-Sèvres",230285803,3702114,62.2
"Fourrages annuels, prairies non permanentes et STH","Prairies non permanentes et STH","Prairies non permanentes et STH","Prairies non permanentes et STH","Prairies non permanentes et STH","86 - Vienne",163057786,2442556,66.8
"Fourrages annuels, prairies non permanentes et STH","Prairies non permanentes et STH","Prairies non permanentes et STH","Prairies non permanentes et STH","Prairies non permanentes et STH","87 - Haute-Vienne",329567182,5377079,61.3
"Fourrages annuels, prairies non permanentes et STH","Prairies non permanentes et STH","Prairies non permanentes et STH","Prairies non permanentes et STH","Prairies non permanentes et STH","09 - Ariège",97551874,3487921,28
"Fourrages annuels, prairies non permanentes et STH","Prairies non permanentes et STH","Prairies non permanentes et STH","Prairies non permanentes et STH","Prairies non permanentes et STH","11 - Aude",22987712,1482330,15.5
"Fourrages annuels, prairies non permanentes et STH","Prairies non permanentes et STH","Prairies non permanentes et STH","Prairies non permanentes et STH","Prairies non permanentes et STH","12 - Aveyron",495421891,9374400,52.8
"Fourrages annuels, prairies non permanentes et STH","Prairies non permanentes et STH","Prairies non permanentes et STH","Prairies non permanentes et STH","Prairies non permanentes et STH","30 - Gard",18660162,1418548,13.2
"Fourrages annuels, prairies non permanentes et STH","Prairies non permanentes et STH","Prairies non permanentes et STH","Prairies non permanentes et STH","Prairies non permanentes et STH","31 - Haute-Garonne",104610189,2246490,46.6
"Fourrages annuels, prairies non permanentes et STH","Prairies non permanentes et STH","Prairies non permanentes et STH","Prairies non permanentes et STH","Prairies non permanentes et STH","32 - Gers",88906353,1909628,46.6
"Fourrages annuels, prairies non permanentes et STH","Prairies non permanentes et STH","Prairies non permanentes et STH","Prairies non permanentes et STH","Prairies non permanentes et STH","34 - Hérault",14195461,1534502,9.3
"Fourrages annuels, prairies non permanentes et STH","Prairies non permanentes et STH","Prairies non permanentes et STH","Prairies non permanentes et STH","Prairies non permanentes et STH","46 - Lot",134312277,3538509,38
"Fourrages annuels, prairies non permanentes et STH","Prairies non permanentes et STH","Prairies non permanentes et STH","Prairies non permanentes et STH","Prairies non permanentes et STH","48 - Lozère",89709247,5128277,17.5
"Fourrages annuels, prairies non permanentes et STH","Prairies non permanentes et STH","Prairies non permanentes et STH","Prairies non permanentes et STH","Prairies non permanentes et STH","65 - Hautes-Pyrénées",106937165,3324654,32.2
"Fourrages annuels, prairies non permanentes et STH","Prairies non permanentes et STH","Prairies non permanentes et STH","Prairies non permanentes et STH","Prairies non permanentes et STH","66 - Pyrénées-Orientales",13303908,1905942,7
"Fourrages annuels, prairies non permanentes et STH","Prairies non permanentes et STH","Prairies non permanentes et STH","Prairies non permanentes et STH","Prairies non permanentes et STH","81 - Tarn",159909619,2892802,55.3
"Fourrages annuels, prairies non permanentes et STH","Prairies non permanentes et STH","Prairies non permanentes et STH","Prairies non permanentes et STH","Prairies non permanentes et STH","82 - Tarn-et-Garonne",52193893,1195804,43.6
"Fourrages annuels, prairies non permanentes et STH","Prairies non permanentes et STH","Prairies non permanentes et STH","Prairies non permanentes et STH","Prairies non permanentes et STH","01 - Ain",152569568,2832272,53.9
"Fourrages annuels, prairies non permanentes et STH","Prairies non permanentes et STH","Prairies non permanentes et STH","Prairies non permanentes et STH","Prairies non permanentes et STH","03 - Allier",316560125,7465211,42.4
"Fourrages annuels, prairies non permanentes et STH","Prairies non permanentes et STH","Prairies non permanentes et STH","Prairies non permanentes et STH","Prairies non permanentes et STH","07 - Ardèche",58943570,2286578,25.8
"Fourrages annuels, prairies non permanentes et STH","Prairies non permanentes et STH","Prairies non permanentes et STH","Prairies non permanentes et STH","Prairies non permanentes et STH","15 - Cantal",334980098,7170873,46.7
"Fourrages annuels, prairies non permanentes et STH","Prairies non permanentes et STH","Prairies non permanentes et STH","Prairies non permanentes et STH","Prairies non permanentes et STH","26 - Drôme",48016700,1712033,28
"Fourrages annuels, prairies non permanentes et STH","Prairies non permanentes et STH","Prairies non permanentes et STH","Prairies non permanentes et STH","Prairies non permanentes et STH","38 - Isère",130143644,3582155,36.3
"Fourrages annuels, prairies non permanentes et STH","Prairies non permanentes et STH","Prairies non permanentes et STH","Prairies non permanentes et STH","Prairies non permanentes et STH","42 - Loire",195519670,4521614,43.2
"Fourrages annuels, prairies non permanentes et STH","Prairies non permanentes et STH","Prairies non permanentes et STH","Prairies non permanentes et STH","Prairies non permanentes et STH","43 - Haute-Loire",173745611,3954265,43.9
"Fourrages annuels, prairies non permanentes et STH","Prairies non permanentes et STH","Prairies non permanentes et STH","Prairies non permanentes et STH","Prairies non permanentes et STH","63 - Puy-de-Dôme",265790887,6249989,42.5
"Fourrages annuels, prairies non permanentes et STH","Prairies non permanentes et STH","Prairies non permanentes et STH","Prairies non permanentes et STH","Prairies non permanentes et STH","69 - Rhône",75246116,1744477,43.1
"Fourrages annuels, prairies non permanentes et STH","Prairies non permanentes et STH","Prairies non permanentes et STH","Prairies non permanentes et STH","Prairies non permanentes et STH","73 - Savoie",69042614,2534689,27.2
"Fourrages annuels, prairies non permanentes et STH","Prairies non permanentes et STH","Prairies non permanentes et STH","Prairies non permanentes et STH","Prairies non permanentes et STH","74 - Haute-Savoie",110906895,2367257,46.9
"Fourrages annuels, prairies non permanentes et STH","Prairies non permanentes et STH","Prairies non permanentes et STH","Prairies non permanentes et STH","Prairies non permanentes et STH","04 - Alpes-de-Haute-Provence",42615729,3141334,13.6
"Fourrages annuels, prairies non permanentes et STH","Prairies non permanentes et STH","Prairies non permanentes et STH","Prairies non permanentes et STH","Prairies non permanentes et STH","05 - Hautes-Alpes",59422915,4239044,14
"Fourrages annuels, prairies non permanentes et STH","Prairies non permanentes et STH","Prairies non permanentes et STH","Prairies non permanentes et STH","Prairies non permanentes et STH","06 - Alpes-Maritimes",11924986,1294061,9.2
"Fourrages annuels, prairies non permanentes et STH","Prairies non permanentes et STH","Prairies non permanentes et STH","Prairies non permanentes et STH","Prairies non permanentes et STH","13 - Bouches-du-Rhône",31876808,1672954,19.1
"Fourrages annuels, prairies non permanentes et STH","Prairies non permanentes et STH","Prairies non permanentes et STH","Prairies non permanentes et STH","Prairies non permanentes et STH","83 - Var",8560642,672924,12.7
"Fourrages annuels, prairies non permanentes et STH","Prairies non permanentes et STH","Prairies non permanentes et STH","Prairies non permanentes et STH","Prairies non permanentes et STH","84 - Vaucluse",9622662,379713,25.3
"Fourrages annuels, prairies non permanentes et STH","Prairies non permanentes et STH","Prairies non permanentes et STH","Prairies non permanentes et STH","Prairies non permanentes et STH","2A - Corse-du-Sud",23689308,2531944,10.2
"Fourrages annuels, prairies non permanentes et STH","Prairies non permanentes et STH","Prairies non permanentes et STH","Prairies non permanentes et STH","Prairies non permanentes et STH","2B - Haute-Corse",36992619,3387074,10.9
"Fourrages annuels, prairies non permanentes et STH","Prairies non permanentes et STH","Prairies non permanentes","Prairies non permanentes","Prairies non permanentes","971 - Guadeloupe",44475,577,77.1
"Fourrages annuels, prairies non permanentes et STH","Prairies non permanentes et STH","Prairies non permanentes","Prairies non permanentes","Prairies non permanentes","972 - Martinique",218689,4219,67.6
"Fourrages annuels, prairies non permanentes et STH","Prairies non permanentes et STH","Prairies non permanentes","Prairies non permanentes","Prairies non permanentes","973 - Guyane",133845,4883,27.4
"Fourrages annuels, prairies non permanentes et STH","Prairies non permanentes et STH","Prairies non permanentes","Prairies non permanentes","Prairies non permanentes","974 - La Réunion",3045530,28076,155.7
"Fourrages annuels, prairies non permanentes et STH","Prairies non permanentes et STH","Prairies non permanentes","Prairies non permanentes","Prairies non permanentes","976 - Mayotte",0,0,NA
"Fourrages annuels, prairies non permanentes et STH","Prairies non permanentes et STH","Prairies non permanentes","Prairies non permanentes","Prairies non permanentes","77 - Seine-et-Marne",5667118,59306,95.6
"Fourrages annuels, prairies non permanentes et STH","Prairies non permanentes et STH","Prairies non permanentes","Prairies non permanentes","Prairies non permanentes","78 - Yvelines",2689504,28686,93.8
"Fourrages annuels, prairies non permanentes et STH","Prairies non permanentes et STH","Prairies non permanentes","Prairies non permanentes","Prairies non permanentes","91 - Essonne",1357456,13924,97.5
"Fourrages annuels, prairies non permanentes et STH","Prairies non permanentes et STH","Prairies non permanentes","Prairies non permanentes","Prairies non permanentes","92 - Hauts-de-Seine",0,0,NA
"Fourrages annuels, prairies non permanentes et STH","Prairies non permanentes et STH","Prairies non permanentes","Prairies non permanentes","Prairies non permanentes","93 - Seine-Saint-Denis",660,6,110
"Fourrages annuels, prairies non permanentes et STH","Prairies non permanentes et STH","Prairies non permanentes","Prairies non permanentes","Prairies non permanentes","94 - Val-de-Marne",330,3,110
"Fourrages annuels, prairies non permanentes et STH","Prairies non permanentes et STH","Prairies non permanentes","Prairies non permanentes","Prairies non permanentes","95 - Val-d'Oise",1186454,12310,96.4
"Fourrages annuels, prairies non permanentes et STH","Prairies non permanentes et STH","Prairies non permanentes","Prairies non permanentes","Prairies non permanentes","18 - Cher",35726426,596774,59.9
"Fourrages annuels, prairies non permanentes et STH","Prairies non permanentes et STH","Prairies non permanentes","Prairies non permanentes","Prairies non permanentes","28 - Eure-et-Loir",8104537,113268,71.6
"Fourrages annuels, prairies non permanentes et STH","Prairies non permanentes et STH","Prairies non permanentes","Prairies non permanentes","Prairies non permanentes","36 - Indre",94466190,1555712,60.7
"Fourrages annuels, prairies non permanentes et STH","Prairies non permanentes et STH","Prairies non permanentes","Prairies non permanentes","Prairies non permanentes","37 - Indre-et-Loire",32849221,556164,59.1
"Fourrages annuels, prairies non permanentes et STH","Prairies non permanentes et STH","Prairies non permanentes","Prairies non permanentes","Prairies non permanentes","41 - Loir-et-Cher",16276135,245414,66.3
"Fourrages annuels, prairies non permanentes et STH","Prairies non permanentes et STH","Prairies non permanentes","Prairies non permanentes","Prairies non permanentes","45 - Loiret",15363634,258083,59.5
"Fourrages annuels, prairies non permanentes et STH","Prairies non permanentes et STH","Prairies non permanentes","Prairies non permanentes","Prairies non permanentes","21 - Côte-d'Or",27565882,393520,70
"Fourrages annuels, prairies non permanentes et STH","Prairies non permanentes et STH","Prairies non permanentes","Prairies non permanentes","Prairies non permanentes","25 - Doubs",37904301,615064,61.6
"Fourrages annuels, prairies non permanentes et STH","Prairies non permanentes et STH","Prairies non permanentes","Prairies non permanentes","Prairies non permanentes","39 - Jura",42057302,607904,69.2
"Fourrages annuels, prairies non permanentes et STH","Prairies non permanentes et STH","Prairies non permanentes","Prairies non permanentes","Prairies non permanentes","58 - Nièvre",44014529,716230,61.5
"Fourrages annuels, prairies non permanentes et STH","Prairies non permanentes et STH","Prairies non permanentes","Prairies non permanentes","Prairies non permanentes","70 - Haute-Saône",25017247,376164,66.5
"Fourrages annuels, prairies non permanentes et STH","Prairies non permanentes et STH","Prairies non permanentes","Prairies non permanentes","Prairies non permanentes","71 - Saône-et-Loire",72253870,924660,78.1
"Fourrages annuels, prairies non permanentes et STH","Prairies non permanentes et STH","Prairies non permanentes","Prairies non permanentes","Prairies non permanentes","89 - Yonne",21374185,322270,66.3
"Fourrages annuels, prairies non permanentes et STH","Prairies non permanentes et STH","Prairies non permanentes","Prairies non permanentes","Prairies non permanentes","90 - Territoire-de-Belfort",2075333,30356,68.4
"Fourrages annuels, prairies non permanentes et STH","Prairies non permanentes et STH","Prairies non permanentes","Prairies non permanentes","Prairies non permanentes","14 - Calvados",35158552,421430,83.4
"Fourrages annuels, prairies non permanentes et STH","Prairies non permanentes et STH","Prairies non permanentes","Prairies non permanentes","Prairies non permanentes","27 - Eure",16352014,188380,86.8
"Fourrages annuels, prairies non permanentes et STH","Prairies non permanentes et STH","Prairies non permanentes","Prairies non permanentes","Prairies non permanentes","50 - Manche",110999907,1180941,94
"Fourrages annuels, prairies non permanentes et STH","Prairies non permanentes et STH","Prairies non permanentes","Prairies non permanentes","Prairies non permanentes","61 - Orne",45235383,607621,74.4
"Fourrages annuels, prairies non permanentes et STH","Prairies non permanentes et STH","Prairies non permanentes","Prairies non permanentes","Prairies non permanentes","76 - Seine-Maritime",28107035,277911,101.1
"Fourrages annuels, prairies non permanentes et STH","Prairies non permanentes et STH","Prairies non permanentes","Prairies non permanentes","Prairies non permanentes","02 - Aisne",9803237,106970,91.6
"Fourrages annuels, prairies non permanentes et STH","Prairies non permanentes et STH","Prairies non permanentes","Prairies non permanentes","Prairies non permanentes","59 - Nord",8812040,100434,87.7
"Fourrages annuels, prairies non permanentes et STH","Prairies non permanentes et STH","Prairies non permanentes","Prairies non permanentes","Prairies non permanentes","60 - Oise",9162395,99395,92.2
"Fourrages annuels, prairies non permanentes et STH","Prairies non permanentes et STH","Prairies non permanentes","Prairies non permanentes","Prairies non permanentes","62 - Pas-de-Calais",17074692,196107,87.1
"Fourrages annuels, prairies non permanentes et STH","Prairies non permanentes et STH","Prairies non permanentes","Prairies non permanentes","Prairies non permanentes","80 - Somme",13827215,138285,100
"Fourrages annuels, prairies non permanentes et STH","Prairies non permanentes et STH","Prairies non permanentes","Prairies non permanentes","Prairies non permanentes","08 - Ardennes",28200661,274237,102.8
"Fourrages annuels, prairies non permanentes et STH","Prairies non permanentes et STH","Prairies non permanentes","Prairies non permanentes","Prairies non permanentes","10 - Aube",31634027,307571,102.9
"Fourrages annuels, prairies non permanentes et STH","Prairies non permanentes et STH","Prairies non permanentes","Prairies non permanentes","Prairies non permanentes","51 - Marne",103650525,864685,119.9
"Fourrages annuels, prairies non permanentes et STH","Prairies non permanentes et STH","Prairies non permanentes","Prairies non permanentes","Prairies non permanentes","52 - Haute-Marne",16852928,248672,67.8
"Fourrages annuels, prairies non permanentes et STH","Prairies non permanentes et STH","Prairies non permanentes","Prairies non permanentes","Prairies non permanentes","54 - Meurthe-et-Moselle",14176010,202550,70
"Fourrages annuels, prairies non permanentes et STH","Prairies non permanentes et STH","Prairies non permanentes","Prairies non permanentes","Prairies non permanentes","55 - Meuse",12704178,176645,71.9
"Fourrages annuels, prairies non permanentes et STH","Prairies non permanentes et STH","Prairies non permanentes","Prairies non permanentes","Prairies non permanentes","57 - Moselle",23540945,328460,71.7
"Fourrages annuels, prairies non permanentes et STH","Prairies non permanentes et STH","Prairies non permanentes","Prairies non permanentes","Prairies non permanentes","67 - Bas-Rhin",9484037,125532,75.6
"Fourrages annuels, prairies non permanentes et STH","Prairies non permanentes et STH","Prairies non permanentes","Prairies non permanentes","Prairies non permanentes","68 - Haut-Rhin",7613035,93680,81.3
"Fourrages annuels, prairies non permanentes et STH","Prairies non permanentes et STH","Prairies non permanentes","Prairies non permanentes","Prairies non permanentes","88 - Vosges",22348457,303420,73.7
"Fourrages annuels, prairies non permanentes et STH","Prairies non permanentes et STH","Prairies non permanentes","Prairies non permanentes","Prairies non permanentes","44 - Loire-Atlantique",209476767,3145354,66.6
"Fourrages annuels, prairies non permanentes et STH","Prairies non permanentes et STH","Prairies non permanentes","Prairies non permanentes","Prairies non permanentes","49 - Maine-et-Loire",193257887,2370841,81.5
"Fourrages annuels, prairies non permanentes et STH","Prairies non permanentes et STH","Prairies non permanentes","Prairies non permanentes","Prairies non permanentes","53 - Mayenne",175984105,2120534,83
"Fourrages annuels, prairies non permanentes et STH","Prairies non permanentes et STH","Prairies non permanentes","Prairies non permanentes","Prairies non permanentes","72 - Sarthe",50582738,741204,68.2
"Fourrages annuels, prairies non permanentes et STH","Prairies non permanentes et STH","Prairies non permanentes","Prairies non permanentes","Prairies non permanentes","85 - Vendée",212679486,2382865,89.3
"Fourrages annuels, prairies non permanentes et STH","Prairies non permanentes et STH","Prairies non permanentes","Prairies non permanentes","Prairies non permanentes","22 - Côtes-d'Armor",198726041,2539223,78.3
"Fourrages annuels, prairies non permanentes et STH","Prairies non permanentes et STH","Prairies non permanentes","Prairies non permanentes","Prairies non permanentes","29 - Finistère",192693542,2352482,81.9
"Fourrages annuels, prairies non permanentes et STH","Prairies non permanentes et STH","Prairies non permanentes","Prairies non permanentes","Prairies non permanentes","35 - Ille-et-Vilaine",204238171,2745848,74.4
"Fourrages annuels, prairies non permanentes et STH","Prairies non permanentes et STH","Prairies non permanentes","Prairies non permanentes","Prairies non permanentes","56 - Morbihan",170124817,2282446,74.5
"Fourrages annuels, prairies non permanentes et STH","Prairies non permanentes et STH","Prairies non permanentes","Prairies non permanentes","Prairies non permanentes","16 - Charente",102115655,1138131,89.7
"Fourrages annuels, prairies non permanentes et STH","Prairies non permanentes et STH","Prairies non permanentes","Prairies non permanentes","Prairies non permanentes","17 - Charente-Maritime",41403076,478183,86.6
"Fourrages annuels, prairies non permanentes et STH","Prairies non permanentes et STH","Prairies non permanentes","Prairies non permanentes","Prairies non permanentes","19 - Corrèze",59595251,918164,64.9
"Fourrages annuels, prairies non permanentes et STH","Prairies non permanentes et STH","Prairies non permanentes","Prairies non permanentes","Prairies non permanentes","23 - Creuse",74885721,1105415,67.7
"Fourrages annuels, prairies non permanentes et STH","Prairies non permanentes et STH","Prairies non permanentes","Prairies non permanentes","Prairies non permanentes","24 - Dordogne",90848789,1218628,74.6
"Fourrages annuels, prairies non permanentes et STH","Prairies non permanentes et STH","Prairies non permanentes","Prairies non permanentes","Prairies non permanentes","33 - Gironde",10542105,162620,64.8
"Fourrages annuels, prairies non permanentes et STH","Prairies non permanentes et STH","Prairies non permanentes","Prairies non permanentes","Prairies non permanentes","40 - Landes",21979366,313332,70.1
"Fourrages annuels, prairies non permanentes et STH","Prairies non permanentes et STH","Prairies non permanentes","Prairies non permanentes","Prairies non permanentes","47 - Lot-et-Garonne",36525066,607295,60.1
"Fourrages annuels, prairies non permanentes et STH","Prairies non permanentes et STH","Prairies non permanentes","Prairies non permanentes","Prairies non permanentes","64 - Pyrénées-Atlantiques",125558222,1421865,88.3
"Fourrages annuels, prairies non permanentes et STH","Prairies non permanentes et STH","Prairies non permanentes","Prairies non permanentes","Prairies non permanentes","79 - Deux-Sèvres",148161769,1977366,74.9
"Fourrages annuels, prairies non permanentes et STH","Prairies non permanentes et STH","Prairies non permanentes","Prairies non permanentes","Prairies non permanentes","86 - Vienne",116521711,1571970,74.1
"Fourrages annuels, prairies non permanentes et STH","Prairies non permanentes et STH","Prairies non permanentes","Prairies non permanentes","Prairies non permanentes","87 - Haute-Vienne",137304387,1857148,73.9
"Fourrages annuels, prairies non permanentes et STH","Prairies non permanentes et STH","Prairies non permanentes","Prairies non permanentes","Prairies non permanentes","09 - Ariège",18638477,284812,65.4
"Fourrages annuels, prairies non permanentes et STH","Prairies non permanentes et STH","Prairies non permanentes","Prairies non permanentes","Prairies non permanentes","11 - Aude",10227490,250570,40.8
"Fourrages annuels, prairies non permanentes et STH","Prairies non permanentes et STH","Prairies non permanentes","Prairies non permanentes","Prairies non permanentes","12 - Aveyron",273116979,4134056,66.1
"Fourrages annuels, prairies non permanentes et STH","Prairies non permanentes et STH","Prairies non permanentes","Prairies non permanentes","Prairies non permanentes","30 - Gard",7435141,176003,42.2
"Fourrages annuels, prairies non permanentes et STH","Prairies non permanentes et STH","Prairies non permanentes","Prairies non permanentes","Prairies non permanentes","31 - Haute-Garonne",48860246,729161,67
"Fourrages annuels, prairies non permanentes et STH","Prairies non permanentes et STH","Prairies non permanentes","Prairies non permanentes","Prairies non permanentes","32 - Gers",63035141,1095474,57.5
"Fourrages annuels, prairies non permanentes et STH","Prairies non permanentes et STH","Prairies non permanentes","Prairies non permanentes","Prairies non permanentes","34 - Hérault",6009640,144597,41.6
"Fourrages annuels, prairies non permanentes et STH","Prairies non permanentes et STH","Prairies non permanentes","Prairies non permanentes","Prairies non permanentes","46 - Lot",61459006,1078708,57
"Fourrages annuels, prairies non permanentes et STH","Prairies non permanentes et STH","Prairies non permanentes","Prairies non permanentes","Prairies non permanentes","48 - Lozère",34473078,745385,46.2
"Fourrages annuels, prairies non permanentes et STH","Prairies non permanentes et STH","Prairies non permanentes","Prairies non permanentes","Prairies non permanentes","65 - Hautes-Pyrénées",26678048,383812,69.5
"Fourrages annuels, prairies non permanentes et STH","Prairies non permanentes et STH","Prairies non permanentes","Prairies non permanentes","Prairies non permanentes","66 - Pyrénées-Orientales",1038374,23795,43.6
"Fourrages annuels, prairies non permanentes et STH","Prairies non permanentes et STH","Prairies non permanentes","Prairies non permanentes","Prairies non permanentes","81 - Tarn",96063794,1409781,68.1
"Fourrages annuels, prairies non permanentes et STH","Prairies non permanentes et STH","Prairies non permanentes","Prairies non permanentes","Prairies non permanentes","82 - Tarn-et-Garonne",30992833,509258,60.9
"Fourrages annuels, prairies non permanentes et STH","Prairies non permanentes et STH","Prairies non permanentes","Prairies non permanentes","Prairies non permanentes","01 - Ain",45181819,592198,76.3
"Fourrages annuels, prairies non permanentes et STH","Prairies non permanentes et STH","Prairies non permanentes","Prairies non permanentes","Prairies non permanentes","03 - Allier",130156447,2245605,58
"Fourrages annuels, prairies non permanentes et STH","Prairies non permanentes et STH","Prairies non permanentes","Prairies non permanentes","Prairies non permanentes","07 - Ardèche",12945315,211900,61.1
"Fourrages annuels, prairies non permanentes et STH","Prairies non permanentes et STH","Prairies non permanentes","Prairies non permanentes","Prairies non permanentes","15 - Cantal",76561429,1181357,64.8
"Fourrages annuels, prairies non permanentes et STH","Prairies non permanentes et STH","Prairies non permanentes","Prairies non permanentes","Prairies non permanentes","26 - Drôme",26894298,401326,67
"Fourrages annuels, prairies non permanentes et STH","Prairies non permanentes et STH","Prairies non permanentes","Prairies non permanentes","Prairies non permanentes","38 - Isère",25534906,422530,60.4
"Fourrages annuels, prairies non permanentes et STH","Prairies non permanentes et STH","Prairies non permanentes","Prairies non permanentes","Prairies non permanentes","42 - Loire",53516159,934932,57.2
"Fourrages annuels, prairies non permanentes et STH","Prairies non permanentes et STH","Prairies non permanentes","Prairies non permanentes","Prairies non permanentes","43 - Haute-Loire",58525260,867107,67.5
"Fourrages annuels, prairies non permanentes et STH","Prairies non permanentes et STH","Prairies non permanentes","Prairies non permanentes","Prairies non permanentes","63 - Puy-de-Dôme",61659147,1029185,59.9
"Fourrages annuels, prairies non permanentes et STH","Prairies non permanentes et STH","Prairies non permanentes","Prairies non permanentes","Prairies non permanentes","69 - Rhône",20585233,305992,67.3
"Fourrages annuels, prairies non permanentes et STH","Prairies non permanentes et STH","Prairies non permanentes","Prairies non permanentes","Prairies non permanentes","73 - Savoie",4704299,73730,63.8
"Fourrages annuels, prairies non permanentes et STH","Prairies non permanentes et STH","Prairies non permanentes","Prairies non permanentes","Prairies non permanentes","74 - Haute-Savoie",24505700,353248,69.4
"Fourrages annuels, prairies non permanentes et STH","Prairies non permanentes et STH","Prairies non permanentes","Prairies non permanentes","Prairies non permanentes","04 - Alpes-de-Haute-Provence",20291175,332371,61
"Fourrages annuels, prairies non permanentes et STH","Prairies non permanentes et STH","Prairies non permanentes","Prairies non permanentes","Prairies non permanentes","05 - Hautes-Alpes",24210751,392261,61.7
"Fourrages annuels, prairies non permanentes et STH","Prairies non permanentes et STH","Prairies non permanentes","Prairies non permanentes","Prairies non permanentes","06 - Alpes-Maritimes",534402,8123,65.8
"Fourrages annuels, prairies non permanentes et STH","Prairies non permanentes et STH","Prairies non permanentes","Prairies non permanentes","Prairies non permanentes","13 - Bouches-du-Rhône",7836957,110295,71.1
"Fourrages annuels, prairies non permanentes et STH","Prairies non permanentes et STH","Prairies non permanentes","Prairies non permanentes","Prairies non permanentes","83 - Var",3070430,58033,52.9
"Fourrages annuels, prairies non permanentes et STH","Prairies non permanentes et STH","Prairies non permanentes","Prairies non permanentes","Prairies non permanentes","84 - Vaucluse",4721535,79674,59.3
"Fourrages annuels, prairies non permanentes et STH","Prairies non permanentes et STH","Prairies non permanentes","Prairies non permanentes","Prairies non permanentes","2A - Corse-du-Sud",1286342,23368,55
"Fourrages annuels, prairies non permanentes et STH","Prairies non permanentes et STH","Prairies non permanentes","Prairies non permanentes","Prairies non permanentes","2B - Haute-Corse",8443917,125668,67.2
"Fourrages annuels, prairies non permanentes et STH","Prairies non permanentes et STH","Prairies non permanentes","Prairie artificielle (luzerne, trèfle violet, ...)","Prairie artificielle (luzerne, trèfle violet, ...)","971 - Guadeloupe",0,0,NA
"Fourrages annuels, prairies non permanentes et STH","Prairies non permanentes et STH","Prairies non permanentes","Prairie artificielle (luzerne, trèfle violet, ...)","Prairie artificielle (luzerne, trèfle violet, ...)","972 - Martinique",900,9,100
"Fourrages annuels, prairies non permanentes et STH","Prairies non permanentes et STH","Prairies non permanentes","Prairie artificielle (luzerne, trèfle violet, ...)","Prairie artificielle (luzerne, trèfle violet, ...)","973 - Guyane",37135,3203,11.6
"Fourrages annuels, prairies non permanentes et STH","Prairies non permanentes et STH","Prairies non permanentes","Prairie artificielle (luzerne, trèfle violet, ...)","Prairie artificielle (luzerne, trèfle violet, ...)","974 - La Réunion",39600,254,172.9
"Fourrages annuels, prairies non permanentes et STH","Prairies non permanentes et STH","Prairies non permanentes","Prairie artificielle (luzerne, trèfle violet, ...)","Prairie artificielle (luzerne, trèfle violet, ...)","976 - Mayotte",0,0,NA
"Fourrages annuels, prairies non permanentes et STH","Prairies non permanentes et STH","Prairies non permanentes","Prairie artificielle (luzerne, trèfle violet, ...)","Prairie artificielle (luzerne, trèfle violet, ...)","77 - Seine-et-Marne",2755130,26486,104
"Fourrages annuels, prairies non permanentes et STH","Prairies non permanentes et STH","Prairies non permanentes","Prairie artificielle (luzerne, trèfle violet, ...)","Prairie artificielle (luzerne, trèfle violet, ...)","78 - Yvelines",747742,7044,106.2
"Fourrages annuels, prairies non permanentes et STH","Prairies non permanentes et STH","Prairies non permanentes","Prairie artificielle (luzerne, trèfle violet, ...)","Prairie artificielle (luzerne, trèfle violet, ...)","91 - Essonne",793128,7397,107.2
"Fourrages annuels, prairies non permanentes et STH","Prairies non permanentes et STH","Prairies non permanentes","Prairie artificielle (luzerne, trèfle violet, ...)","Prairie artificielle (luzerne, trèfle violet, ...)","92 - Hauts-de-Seine",0,0,NA
"Fourrages annuels, prairies non permanentes et STH","Prairies non permanentes et STH","Prairies non permanentes","Prairie artificielle (luzerne, trèfle violet, ...)","Prairie artificielle (luzerne, trèfle violet, ...)","93 - Seine-Saint-Denis",660,6,110
"Fourrages annuels, prairies non permanentes et STH","Prairies non permanentes et STH","Prairies non permanentes","Prairie artificielle (luzerne, trèfle violet, ...)","Prairie artificielle (luzerne, trèfle violet, ...)","94 - Val-de-Marne",330,3,110
"Fourrages annuels, prairies non permanentes et STH","Prairies non permanentes et STH","Prairies non permanentes","Prairie artificielle (luzerne, trèfle violet, ...)","Prairie artificielle (luzerne, trèfle violet, ...)","95 - Val-d'Oise",272815,2449,111.4
"Fourrages annuels, prairies non permanentes et STH","Prairies non permanentes et STH","Prairies non permanentes","Prairie artificielle (luzerne, trèfle violet, ...)","Prairie artificielle (luzerne, trèfle violet, ...)","18 - Cher",6053638,96414,62.8
"Fourrages annuels, prairies non permanentes et STH","Prairies non permanentes et STH","Prairies non permanentes","Prairie artificielle (luzerne, trèfle violet, ...)","Prairie artificielle (luzerne, trèfle violet, ...)","28 - Eure-et-Loir",2278738,30870,73.8
"Fourrages annuels, prairies non permanentes et STH","Prairies non permanentes et STH","Prairies non permanentes","Prairie artificielle (luzerne, trèfle violet, ...)","Prairie artificielle (luzerne, trèfle violet, ...)","36 - Indre",6379831,101897,62.6
"Fourrages annuels, prairies non permanentes et STH","Prairies non permanentes et STH","Prairies non permanentes","Prairie artificielle (luzerne, trèfle violet, ...)","Prairie artificielle (luzerne, trèfle violet, ...)","37 - Indre-et-Loire",6175691,95150,64.9
"Fourrages annuels, prairies non permanentes et STH","Prairies non permanentes et STH","Prairies non permanentes","Prairie artificielle (luzerne, trèfle violet, ...)","Prairie artificielle (luzerne, trèfle violet, ...)","41 - Loir-et-Cher",2932644,42033,69.8
"Fourrages annuels, prairies non permanentes et STH","Prairies non permanentes et STH","Prairies non permanentes","Prairie artificielle (luzerne, trèfle violet, ...)","Prairie artificielle (luzerne, trèfle violet, ...)","45 - Loiret",3645010,52029,70.1
"Fourrages annuels, prairies non permanentes et STH","Prairies non permanentes et STH","Prairies non permanentes","Prairie artificielle (luzerne, trèfle violet, ...)","Prairie artificielle (luzerne, trèfle violet, ...)","21 - Côte-d'Or",11093300,144050,77
"Fourrages annuels, prairies non permanentes et STH","Prairies non permanentes et STH","Prairies non permanentes","Prairie artificielle (luzerne, trèfle violet, ...)","Prairie artificielle (luzerne, trèfle violet, ...)","25 - Doubs",1423032,16714,85.1
"Fourrages annuels, prairies non permanentes et STH","Prairies non permanentes et STH","Prairies non permanentes","Prairie artificielle (luzerne, trèfle violet, ...)","Prairie artificielle (luzerne, trèfle violet, ...)","39 - Jura",1728935,20092,86.1
"Fourrages annuels, prairies non permanentes et STH","Prairies non permanentes et STH","Prairies non permanentes","Prairie artificielle (luzerne, trèfle violet, ...)","Prairie artificielle (luzerne, trèfle violet, ...)","58 - Nièvre",3902500,50700,77
"Fourrages annuels, prairies non permanentes et STH","Prairies non permanentes et STH","Prairies non permanentes","Prairie artificielle (luzerne, trèfle violet, ...)","Prairie artificielle (luzerne, trèfle violet, ...)","70 - Haute-Saône",4087940,51462,79.4
"Fourrages annuels, prairies non permanentes et STH","Prairies non permanentes et STH","Prairies non permanentes","Prairie artificielle (luzerne, trèfle violet, ...)","Prairie artificielle (luzerne, trèfle violet, ...)","71 - Saône-et-Loire",4014090,48610,82.6
"Fourrages annuels, prairies non permanentes et STH","Prairies non permanentes et STH","Prairies non permanentes","Prairie artificielle (luzerne, trèfle violet, ...)","Prairie artificielle (luzerne, trèfle violet, ...)","89 - Yonne",6060300,78770,76.9
"Fourrages annuels, prairies non permanentes et STH","Prairies non permanentes et STH","Prairies non permanentes","Prairie artificielle (luzerne, trèfle violet, ...)","Prairie artificielle (luzerne, trèfle violet, ...)","90 - Territoire-de-Belfort",327295,3441,95.1
"Fourrages annuels, prairies non permanentes et STH","Prairies non permanentes et STH","Prairies non permanentes","Prairie artificielle (luzerne, trèfle violet, ...)","Prairie artificielle (luzerne, trèfle violet, ...)","14 - Calvados",2569500,28227,91
"Fourrages annuels, prairies non permanentes et STH","Prairies non permanentes et STH","Prairies non permanentes","Prairie artificielle (luzerne, trèfle violet, ...)","Prairie artificielle (luzerne, trèfle violet, ...)","27 - Eure",6516879,69373,93.9
"Fourrages annuels, prairies non permanentes et STH","Prairies non permanentes et STH","Prairies non permanentes","Prairie artificielle (luzerne, trèfle violet, ...)","Prairie artificielle (luzerne, trèfle violet, ...)","50 - Manche",3837596,39856,96.3
"Fourrages annuels, prairies non permanentes et STH","Prairies non permanentes et STH","Prairies non permanentes","Prairie artificielle (luzerne, trèfle violet, ...)","Prairie artificielle (luzerne, trèfle violet, ...)","61 - Orne",3701647,44599,83
"Fourrages annuels, prairies non permanentes et STH","Prairies non permanentes et STH","Prairies non permanentes","Prairie artificielle (luzerne, trèfle violet, ...)","Prairie artificielle (luzerne, trèfle violet, ...)","76 - Seine-Maritime",1572778,18909,83.2
"Fourrages annuels, prairies non permanentes et STH","Prairies non permanentes et STH","Prairies non permanentes","Prairie artificielle (luzerne, trèfle violet, ...)","Prairie artificielle (luzerne, trèfle violet, ...)","02 - Aisne",3784577,37150,101.9
"Fourrages annuels, prairies non permanentes et STH","Prairies non permanentes et STH","Prairies non permanentes","Prairie artificielle (luzerne, trèfle violet, ...)","Prairie artificielle (luzerne, trèfle violet, ...)","59 - Nord",1132247,12909,87.7
"Fourrages annuels, prairies non permanentes et STH","Prairies non permanentes et STH","Prairies non permanentes","Prairie artificielle (luzerne, trèfle violet, ...)","Prairie artificielle (luzerne, trèfle violet, ...)","60 - Oise",3329788,35487,93.8
"Fourrages annuels, prairies non permanentes et STH","Prairies non permanentes et STH","Prairies non permanentes","Prairie artificielle (luzerne, trèfle violet, ...)","Prairie artificielle (luzerne, trèfle violet, ...)","62 - Pas-de-Calais",2224103,23045,96.5
"Fourrages annuels, prairies non permanentes et STH","Prairies non permanentes et STH","Prairies non permanentes","Prairie artificielle (luzerne, trèfle violet, ...)","Prairie artificielle (luzerne, trèfle violet, ...)","80 - Somme",5887037,56821,103.6
"Fourrages annuels, prairies non permanentes et STH","Prairies non permanentes et STH","Prairies non permanentes","Prairie artificielle (luzerne, trèfle violet, ...)","Prairie artificielle (luzerne, trèfle violet, ...)","08 - Ardennes",23690190,204961,115.6
"Fourrages annuels, prairies non permanentes et STH","Prairies non permanentes et STH","Prairies non permanentes","Prairie artificielle (luzerne, trèfle violet, ...)","Prairie artificielle (luzerne, trèfle violet, ...)","10 - Aube",26160881,221840,117.9
"Fourrages annuels, prairies non permanentes et STH","Prairies non permanentes et STH","Prairies non permanentes","Prairie artificielle (luzerne, trèfle violet, ...)","Prairie artificielle (luzerne, trèfle violet, ...)","51 - Marne",101792372,833566,122.1
"Fourrages annuels, prairies non permanentes et STH","Prairies non permanentes et STH","Prairies non permanentes","Prairie artificielle (luzerne, trèfle violet, ...)","Prairie artificielle (luzerne, trèfle violet, ...)","52 - Haute-Marne",5249218,53883,97.4
"Fourrages annuels, prairies non permanentes et STH","Prairies non permanentes et STH","Prairies non permanentes","Prairie artificielle (luzerne, trèfle violet, ...)","Prairie artificielle (luzerne, trèfle violet, ...)","54 - Meurthe-et-Moselle",2379000,31660,75.1
"Fourrages annuels, prairies non permanentes et STH","Prairies non permanentes et STH","Prairies non permanentes","Prairie artificielle (luzerne, trèfle violet, ...)","Prairie artificielle (luzerne, trèfle violet, ...)","55 - Meuse",2902603,37245,77.9
"Fourrages annuels, prairies non permanentes et STH","Prairies non permanentes et STH","Prairies non permanentes","Prairie artificielle (luzerne, trèfle violet, ...)","Prairie artificielle (luzerne, trèfle violet, ...)","57 - Moselle",3548105,47020,75.5
"Fourrages annuels, prairies non permanentes et STH","Prairies non permanentes et STH","Prairies non permanentes","Prairie artificielle (luzerne, trèfle violet, ...)","Prairie artificielle (luzerne, trèfle violet, ...)","67 - Bas-Rhin",1747301,20228,86.4
"Fourrages annuels, prairies non permanentes et STH","Prairies non permanentes et STH","Prairies non permanentes","Prairie artificielle (luzerne, trèfle violet, ...)","Prairie artificielle (luzerne, trèfle violet, ...)","68 - Haut-Rhin",1204626,11274,106.8
"Fourrages annuels, prairies non permanentes et STH","Prairies non permanentes et STH","Prairies non permanentes","Prairie artificielle (luzerne, trèfle violet, ...)","Prairie artificielle (luzerne, trèfle violet, ...)","88 - Vosges",2814260,35850,78.5
"Fourrages annuels, prairies non permanentes et STH","Prairies non permanentes et STH","Prairies non permanentes","Prairie artificielle (luzerne, trèfle violet, ...)","Prairie artificielle (luzerne, trèfle violet, ...)","44 - Loire-Atlantique",3079568,35302,87.2
"Fourrages annuels, prairies non permanentes et STH","Prairies non permanentes et STH","Prairies non permanentes","Prairie artificielle (luzerne, trèfle violet, ...)","Prairie artificielle (luzerne, trèfle violet, ...)","49 - Maine-et-Loire",9889353,98293,100.6
"Fourrages annuels, prairies non permanentes et STH","Prairies non permanentes et STH","Prairies non permanentes","Prairie artificielle (luzerne, trèfle violet, ...)","Prairie artificielle (luzerne, trèfle violet, ...)","53 - Mayenne",5503486,59153,93
"Fourrages annuels, prairies non permanentes et STH","Prairies non permanentes et STH","Prairies non permanentes","Prairie artificielle (luzerne, trèfle violet, ...)","Prairie artificielle (luzerne, trèfle violet, ...)","72 - Sarthe",2818369,37517,75.1
"Fourrages annuels, prairies non permanentes et STH","Prairies non permanentes et STH","Prairies non permanentes","Prairie artificielle (luzerne, trèfle violet, ...)","Prairie artificielle (luzerne, trèfle violet, ...)","85 - Vendée",7793346,76857,101.4
"Fourrages annuels, prairies non permanentes et STH","Prairies non permanentes et STH","Prairies non permanentes","Prairie artificielle (luzerne, trèfle violet, ...)","Prairie artificielle (luzerne, trèfle violet, ...)","22 - Côtes-d'Armor",1323397,15781,83.9
"Fourrages annuels, prairies non permanentes et STH","Prairies non permanentes et STH","Prairies non permanentes","Prairie artificielle (luzerne, trèfle violet, ...)","Prairie artificielle (luzerne, trèfle violet, ...)","29 - Finistère",1281750,13441,95.4
"Fourrages annuels, prairies non permanentes et STH","Prairies non permanentes et STH","Prairies non permanentes","Prairie artificielle (luzerne, trèfle violet, ...)","Prairie artificielle (luzerne, trèfle violet, ...)","35 - Ille-et-Vilaine",4697741,56936,82.5
"Fourrages annuels, prairies non permanentes et STH","Prairies non permanentes et STH","Prairies non permanentes","Prairie artificielle (luzerne, trèfle violet, ...)","Prairie artificielle (luzerne, trèfle violet, ...)","56 - Morbihan",1169248,13621,85.8
"Fourrages annuels, prairies non permanentes et STH","Prairies non permanentes et STH","Prairies non permanentes","Prairie artificielle (luzerne, trèfle violet, ...)","Prairie artificielle (luzerne, trèfle violet, ...)","16 - Charente",10742225,126290,85.1
"Fourrages annuels, prairies non permanentes et STH","Prairies non permanentes et STH","Prairies non permanentes","Prairie artificielle (luzerne, trèfle violet, ...)","Prairie artificielle (luzerne, trèfle violet, ...)","17 - Charente-Maritime",13347727,141851,94.1
"Fourrages annuels, prairies non permanentes et STH","Prairies non permanentes et STH","Prairies non permanentes","Prairie artificielle (luzerne, trèfle violet, ...)","Prairie artificielle (luzerne, trèfle violet, ...)","19 - Corrèze",831903,10224,81.4
"Fourrages annuels, prairies non permanentes et STH","Prairies non permanentes et STH","Prairies non permanentes","Prairie artificielle (luzerne, trèfle violet, ...)","Prairie artificielle (luzerne, trèfle violet, ...)","23 - Creuse",1149125,14077,81.6
"Fourrages annuels, prairies non permanentes et STH","Prairies non permanentes et STH","Prairies non permanentes","Prairie artificielle (luzerne, trèfle violet, ...)","Prairie artificielle (luzerne, trèfle violet, ...)","24 - Dordogne",15788749,187071,84.4
"Fourrages annuels, prairies non permanentes et STH","Prairies non permanentes et STH","Prairies non permanentes","Prairie artificielle (luzerne, trèfle violet, ...)","Prairie artificielle (luzerne, trèfle violet, ...)","33 - Gironde",1539529,20530,75
"Fourrages annuels, prairies non permanentes et STH","Prairies non permanentes et STH","Prairies non permanentes","Prairie artificielle (luzerne, trèfle violet, ...)","Prairie artificielle (luzerne, trèfle violet, ...)","40 - Landes",491820,6277,78.4
"Fourrages annuels, prairies non permanentes et STH","Prairies non permanentes et STH","Prairies non permanentes","Prairie artificielle (luzerne, trèfle violet, ...)","Prairie artificielle (luzerne, trèfle violet, ...)","47 - Lot-et-Garonne",8790454,137966,63.7
"Fourrages annuels, prairies non permanentes et STH","Prairies non permanentes et STH","Prairies non permanentes","Prairie artificielle (luzerne, trèfle violet, ...)","Prairie artificielle (luzerne, trèfle violet, ...)","64 - Pyrénées-Atlantiques",1685109,17443,96.6
"Fourrages annuels, prairies non permanentes et STH","Prairies non permanentes et STH","Prairies non permanentes","Prairie artificielle (luzerne, trèfle violet, ...)","Prairie artificielle (luzerne, trèfle violet, ...)","79 - Deux-Sèvres",17761371,177564,100
"Fourrages annuels, prairies non permanentes et STH","Prairies non permanentes et STH","Prairies non permanentes","Prairie artificielle (luzerne, trèfle violet, ...)","Prairie artificielle (luzerne, trèfle violet, ...)","86 - Vienne",14363403,153620,93.5
"Fourrages annuels, prairies non permanentes et STH","Prairies non permanentes et STH","Prairies non permanentes","Prairie artificielle (luzerne, trèfle violet, ...)","Prairie artificielle (luzerne, trèfle violet, ...)","87 - Haute-Vienne",1240730,15103,82.2
"Fourrages annuels, prairies non permanentes et STH","Prairies non permanentes et STH","Prairies non permanentes","Prairie artificielle (luzerne, trèfle violet, ...)","Prairie artificielle (luzerne, trèfle violet, ...)","09 - Ariège",4453478,64146,69.4
"Fourrages annuels, prairies non permanentes et STH","Prairies non permanentes et STH","Prairies non permanentes","Prairie artificielle (luzerne, trèfle violet, ...)","Prairie artificielle (luzerne, trèfle violet, ...)","11 - Aude",4968991,115905,42.9
"Fourrages annuels, prairies non permanentes et STH","Prairies non permanentes et STH","Prairies non permanentes","Prairie artificielle (luzerne, trèfle violet, ...)","Prairie artificielle (luzerne, trèfle violet, ...)","12 - Aveyron",23087710,317446,72.7
"Fourrages annuels, prairies non permanentes et STH","Prairies non permanentes et STH","Prairies non permanentes","Prairie artificielle (luzerne, trèfle violet, ...)","Prairie artificielle (luzerne, trèfle violet, ...)","30 - Gard",3788400,82539,45.9
"Fourrages annuels, prairies non permanentes et STH","Prairies non permanentes et STH","Prairies non permanentes","Prairie artificielle (luzerne, trèfle violet, ...)","Prairie artificielle (luzerne, trèfle violet, ...)","31 - Haute-Garonne",14146007,204719,69.1
"Fourrages annuels, prairies non permanentes et STH","Prairies non permanentes et STH","Prairies non permanentes","Prairie artificielle (luzerne, trèfle violet, ...)","Prairie artificielle (luzerne, trèfle violet, ...)","32 - Gers",9865987,162860,60.6
"Fourrages annuels, prairies non permanentes et STH","Prairies non permanentes et STH","Prairies non permanentes","Prairie artificielle (luzerne, trèfle violet, ...)","Prairie artificielle (luzerne, trèfle violet, ...)","34 - Hérault",2192277,51913,42.2
"Fourrages annuels, prairies non permanentes et STH","Prairies non permanentes et STH","Prairies non permanentes","Prairie artificielle (luzerne, trèfle violet, ...)","Prairie artificielle (luzerne, trèfle violet, ...)","46 - Lot",6830334,111139,61.5
"Fourrages annuels, prairies non permanentes et STH","Prairies non permanentes et STH","Prairies non permanentes","Prairie artificielle (luzerne, trèfle violet, ...)","Prairie artificielle (luzerne, trèfle violet, ...)","48 - Lozère",1091102,22474,48.5
"Fourrages annuels, prairies non permanentes et STH","Prairies non permanentes et STH","Prairies non permanentes","Prairie artificielle (luzerne, trèfle violet, ...)","Prairie artificielle (luzerne, trèfle violet, ...)","65 - Hautes-Pyrénées",2697640,38126,70.8
"Fourrages annuels, prairies non permanentes et STH","Prairies non permanentes et STH","Prairies non permanentes","Prairie artificielle (luzerne, trèfle violet, ...)","Prairie artificielle (luzerne, trèfle violet, ...)","66 - Pyrénées-Orientales",583671,12164,48
"Fourrages annuels, prairies non permanentes et STH","Prairies non permanentes et STH","Prairies non permanentes","Prairie artificielle (luzerne, trèfle violet, ...)","Prairie artificielle (luzerne, trèfle violet, ...)","81 - Tarn",17226361,240688,71.6
"Fourrages annuels, prairies non permanentes et STH","Prairies non permanentes et STH","Prairies non permanentes","Prairie artificielle (luzerne, trèfle violet, ...)","Prairie artificielle (luzerne, trèfle violet, ...)","82 - Tarn-et-Garonne",11039699,171781,64.3
"Fourrages annuels, prairies non permanentes et STH","Prairies non permanentes et STH","Prairies non permanentes","Prairie artificielle (luzerne, trèfle violet, ...)","Prairie artificielle (luzerne, trèfle violet, ...)","01 - Ain",3695918,40148,92.1
"Fourrages annuels, prairies non permanentes et STH","Prairies non permanentes et STH","Prairies non permanentes","Prairie artificielle (luzerne, trèfle violet, ...)","Prairie artificielle (luzerne, trèfle violet, ...)","03 - Allier",7432886,71097,104.5
"Fourrages annuels, prairies non permanentes et STH","Prairies non permanentes et STH","Prairies non permanentes","Prairie artificielle (luzerne, trèfle violet, ...)","Prairie artificielle (luzerne, trèfle violet, ...)","07 - Ardèche",4939595,67907,72.7
"Fourrages annuels, prairies non permanentes et STH","Prairies non permanentes et STH","Prairies non permanentes","Prairie artificielle (luzerne, trèfle violet, ...)","Prairie artificielle (luzerne, trèfle violet, ...)","15 - Cantal",1183721,15122,78.3
"Fourrages annuels, prairies non permanentes et STH","Prairies non permanentes et STH","Prairies non permanentes","Prairie artificielle (luzerne, trèfle violet, ...)","Prairie artificielle (luzerne, trèfle violet, ...)","26 - Drôme",16231751,219460,74
"Fourrages annuels, prairies non permanentes et STH","Prairies non permanentes et STH","Prairies non permanentes","Prairie artificielle (luzerne, trèfle violet, ...)","Prairie artificielle (luzerne, trèfle violet, ...)","38 - Isère",6969212,104164,66.9
"Fourrages annuels, prairies non permanentes et STH","Prairies non permanentes et STH","Prairies non permanentes","Prairie artificielle (luzerne, trèfle violet, ...)","Prairie artificielle (luzerne, trèfle violet, ...)","42 - Loire",4848674,70752,68.5
"Fourrages annuels, prairies non permanentes et STH","Prairies non permanentes et STH","Prairies non permanentes","Prairie artificielle (luzerne, trèfle violet, ...)","Prairie artificielle (luzerne, trèfle violet, ...)","43 - Haute-Loire",3127829,36171,86.5
"Fourrages annuels, prairies non permanentes et STH","Prairies non permanentes et STH","Prairies non permanentes","Prairie artificielle (luzerne, trèfle violet, ...)","Prairie artificielle (luzerne, trèfle violet, ...)","63 - Puy-de-Dôme",8932182,91522,97.6
"Fourrages annuels, prairies non permanentes et STH","Prairies non permanentes et STH","Prairies non permanentes","Prairie artificielle (luzerne, trèfle violet, ...)","Prairie artificielle (luzerne, trèfle violet, ...)","69 - Rhône",2221416,30490,72.9
"Fourrages annuels, prairies non permanentes et STH","Prairies non permanentes et STH","Prairies non permanentes","Prairie artificielle (luzerne, trèfle violet, ...)","Prairie artificielle (luzerne, trèfle violet, ...)","73 - Savoie",575483,7396,77.8
"Fourrages annuels, prairies non permanentes et STH","Prairies non permanentes et STH","Prairies non permanentes","Prairie artificielle (luzerne, trèfle violet, ...)","Prairie artificielle (luzerne, trèfle violet, ...)","74 - Haute-Savoie",2320346,31365,74
"Fourrages annuels, prairies non permanentes et STH","Prairies non permanentes et STH","Prairies non permanentes","Prairie artificielle (luzerne, trèfle violet, ...)","Prairie artificielle (luzerne, trèfle violet, ...)","04 - Alpes-de-Haute-Provence",9756758,147486,66.2
"Fourrages annuels, prairies non permanentes et STH","Prairies non permanentes et STH","Prairies non permanentes","Prairie artificielle (luzerne, trèfle violet, ...)","Prairie artificielle (luzerne, trèfle violet, ...)","05 - Hautes-Alpes",12629080,178231,70.9
"Fourrages annuels, prairies non permanentes et STH","Prairies non permanentes et STH","Prairies non permanentes","Prairie artificielle (luzerne, trèfle violet, ...)","Prairie artificielle (luzerne, trèfle violet, ...)","06 - Alpes-Maritimes",440028,6504,67.7
"Fourrages annuels, prairies non permanentes et STH","Prairies non permanentes et STH","Prairies non permanentes","Prairie artificielle (luzerne, trèfle violet, ...)","Prairie artificielle (luzerne, trèfle violet, ...)","13 - Bouches-du-Rhône",5502639,72533,75.9
"Fourrages annuels, prairies non permanentes et STH","Prairies non permanentes et STH","Prairies non permanentes","Prairie artificielle (luzerne, trèfle violet, ...)","Prairie artificielle (luzerne, trèfle violet, ...)","83 - Var",2006211,29856,67.2
"Fourrages annuels, prairies non permanentes et STH","Prairies non permanentes et STH","Prairies non permanentes","Prairie artificielle (luzerne, trèfle violet, ...)","Prairie artificielle (luzerne, trèfle violet, ...)","84 - Vaucluse",2551626,43892,58.1
"Fourrages annuels, prairies non permanentes et STH","Prairies non permanentes et STH","Prairies non permanentes","Prairie artificielle (luzerne, trèfle violet, ...)","Prairie artificielle (luzerne, trèfle violet, ...)","2A - Corse-du-Sud",608261,9822,61.9
"Fourrages annuels, prairies non permanentes et STH","Prairies non permanentes et STH","Prairies non permanentes","Prairie artificielle (luzerne, trèfle violet, ...)","Prairie artificielle (luzerne, trèfle violet, ...)","2B - Haute-Corse",4276421,58921,72.6
"Fourrages annuels, prairies non permanentes et STH","Prairies non permanentes et STH","Prairies non permanentes","Prairie artificielle (luzerne, trèfle violet, ...)","Luzerne pour déshydratation","971 - Guadeloupe",0,0,NA
"Fourrages annuels, prairies non permanentes et STH","Prairies non permanentes et STH","Prairies non permanentes","Prairie artificielle (luzerne, trèfle violet, ...)","Luzerne pour déshydratation","972 - Martinique",0,0,NA
"Fourrages annuels, prairies non permanentes et STH","Prairies non permanentes et STH","Prairies non permanentes","Prairie artificielle (luzerne, trèfle violet, ...)","Luzerne pour déshydratation","973 - Guyane",0,0,NA
"Fourrages annuels, prairies non permanentes et STH","Prairies non permanentes et STH","Prairies non permanentes","Prairie artificielle (luzerne, trèfle violet, ...)","Luzerne pour déshydratation","974 - La Réunion",0,0,NA
"Fourrages annuels, prairies non permanentes et STH","Prairies non permanentes et STH","Prairies non permanentes","Prairie artificielle (luzerne, trèfle violet, ...)","Luzerne pour déshydratation","976 - Mayotte",0,0,NA
"Fourrages annuels, prairies non permanentes et STH","Prairies non permanentes et STH","Prairies non permanentes","Prairie artificielle (luzerne, trèfle violet, ...)","Luzerne pour déshydratation","77 - Seine-et-Marne",446618,4113,108.6
"Fourrages annuels, prairies non permanentes et STH","Prairies non permanentes et STH","Prairies non permanentes","Prairie artificielle (luzerne, trèfle violet, ...)","Luzerne pour déshydratation","78 - Yvelines",124963,1149,108.8
"Fourrages annuels, prairies non permanentes et STH","Prairies non permanentes et STH","Prairies non permanentes","Prairie artificielle (luzerne, trèfle violet, ...)","Luzerne pour déshydratation","91 - Essonne",347770,3257,106.8
"Fourrages annuels, prairies non permanentes et STH","Prairies non permanentes et STH","Prairies non permanentes","Prairie artificielle (luzerne, trèfle violet, ...)","Luzerne pour déshydratation","92 - Hauts-de-Seine",0,0,NA
"Fourrages annuels, prairies non permanentes et STH","Prairies non permanentes et STH","Prairies non permanentes","Prairie artificielle (luzerne, trèfle violet, ...)","Luzerne pour déshydratation","93 - Seine-Saint-Denis",0,0,NA
"Fourrages annuels, prairies non permanentes et STH","Prairies non permanentes et STH","Prairies non permanentes","Prairie artificielle (luzerne, trèfle violet, ...)","Luzerne pour déshydratation","94 - Val-de-Marne",0,0,NA
"Fourrages annuels, prairies non permanentes et STH","Prairies non permanentes et STH","Prairies non permanentes","Prairie artificielle (luzerne, trèfle violet, ...)","Luzerne pour déshydratation","95 - Val-d'Oise",55157,490,112.6
"Fourrages annuels, prairies non permanentes et STH","Prairies non permanentes et STH","Prairies non permanentes","Prairie artificielle (luzerne, trèfle violet, ...)","Luzerne pour déshydratation","18 - Cher",155260,1809,85.8
"Fourrages annuels, prairies non permanentes et STH","Prairies non permanentes et STH","Prairies non permanentes","Prairie artificielle (luzerne, trèfle violet, ...)","Luzerne pour déshydratation","28 - Eure-et-Loir",229609,2472,92.9
"Fourrages annuels, prairies non permanentes et STH","Prairies non permanentes et STH","Prairies non permanentes","Prairie artificielle (luzerne, trèfle violet, ...)","Luzerne pour déshydratation","36 - Indre",324,7,46.3
"Fourrages annuels, prairies non permanentes et STH","Prairies non permanentes et STH","Prairies non permanentes","Prairie artificielle (luzerne, trèfle violet, ...)","Luzerne pour déshydratation","37 - Indre-et-Loire",10101,159,63.5
"Fourrages annuels, prairies non permanentes et STH","Prairies non permanentes et STH","Prairies non permanentes","Prairie artificielle (luzerne, trèfle violet, ...)","Luzerne pour déshydratation","41 - Loir-et-Cher",7222,113,63.9
"Fourrages annuels, prairies non permanentes et STH","Prairies non permanentes et STH","Prairies non permanentes","Prairie artificielle (luzerne, trèfle violet, ...)","Luzerne pour déshydratation","45 - Loiret",988895,10693,92.5
"Fourrages annuels, prairies non permanentes et STH","Prairies non permanentes et STH","Prairies non permanentes","Prairie artificielle (luzerne, trèfle violet, ...)","Luzerne pour déshydratation","21 - Côte-d'Or",1642875,22967,71.5
"Fourrages annuels, prairies non permanentes et STH","Prairies non permanentes et STH","Prairies non permanentes","Prairie artificielle (luzerne, trèfle violet, ...)","Luzerne pour déshydratation","25 - Doubs",38262,433,88.4
"Fourrages annuels, prairies non permanentes et STH","Prairies non permanentes et STH","Prairies non permanentes","Prairie artificielle (luzerne, trèfle violet, ...)","Luzerne pour déshydratation","39 - Jura",66897,709,94.4
"Fourrages annuels, prairies non permanentes et STH","Prairies non permanentes et STH","Prairies non permanentes","Prairie artificielle (luzerne, trèfle violet, ...)","Luzerne pour déshydratation","58 - Nièvre",2950,50,59
"Fourrages annuels, prairies non permanentes et STH","Prairies non permanentes et STH","Prairies non permanentes","Prairie artificielle (luzerne, trèfle violet, ...)","Luzerne pour déshydratation","70 - Haute-Saône",425438,5969,71.3
"Fourrages annuels, prairies non permanentes et STH","Prairies non permanentes et STH","Prairies non permanentes","Prairie artificielle (luzerne, trèfle violet, ...)","Luzerne pour déshydratation","71 - Saône-et-Loire",0,0,NA
"Fourrages annuels, prairies non permanentes et STH","Prairies non permanentes et STH","Prairies non permanentes","Prairie artificielle (luzerne, trèfle violet, ...)","Luzerne pour déshydratation","89 - Yonne",137328,2449,56.1
"Fourrages annuels, prairies non permanentes et STH","Prairies non permanentes et STH","Prairies non permanentes","Prairie artificielle (luzerne, trèfle violet, ...)","Luzerne pour déshydratation","90 - Territoire-de-Belfort",0,0,NA
"Fourrages annuels, prairies non permanentes et STH","Prairies non permanentes et STH","Prairies non permanentes","Prairie artificielle (luzerne, trèfle violet, ...)","Luzerne pour déshydratation","14 - Calvados",8960,115,77.9
"Fourrages annuels, prairies non permanentes et STH","Prairies non permanentes et STH","Prairies non permanentes","Prairie artificielle (luzerne, trèfle violet, ...)","Luzerne pour déshydratation","27 - Eure",2423869,26678,90.9
"Fourrages annuels, prairies non permanentes et STH","Prairies non permanentes et STH","Prairies non permanentes","Prairie artificielle (luzerne, trèfle violet, ...)","Luzerne pour déshydratation","50 - Manche",9000,94,95.7
"Fourrages annuels, prairies non permanentes et STH","Prairies non permanentes et STH","Prairies non permanentes","Prairie artificielle (luzerne, trèfle violet, ...)","Luzerne pour déshydratation","61 - Orne",19157,281,68.2
"Fourrages annuels, prairies non permanentes et STH","Prairies non permanentes et STH","Prairies non permanentes","Prairie artificielle (luzerne, trèfle violet, ...)","Luzerne pour déshydratation","76 - Seine-Maritime",60080,691,86.9
"Fourrages annuels, prairies non permanentes et STH","Prairies non permanentes et STH","Prairies non permanentes","Prairie artificielle (luzerne, trèfle violet, ...)","Luzerne pour déshydratation","02 - Aisne",1586604,14813,107.1
"Fourrages annuels, prairies non permanentes et STH","Prairies non permanentes et STH","Prairies non permanentes","Prairie artificielle (luzerne, trèfle violet, ...)","Luzerne pour déshydratation","59 - Nord",400,4,100
"Fourrages annuels, prairies non permanentes et STH","Prairies non permanentes et STH","Prairies non permanentes","Prairie artificielle (luzerne, trèfle violet, ...)","Luzerne pour déshydratation","60 - Oise",1100554,10788,102
"Fourrages annuels, prairies non permanentes et STH","Prairies non permanentes et STH","Prairies non permanentes","Prairie artificielle (luzerne, trèfle violet, ...)","Luzerne pour déshydratation","62 - Pas-de-Calais",3100,31,100
"Fourrages annuels, prairies non permanentes et STH","Prairies non permanentes et STH","Prairies non permanentes","Prairie artificielle (luzerne, trèfle violet, ...)","Luzerne pour déshydratation","80 - Somme",1537703,14716,104.5
"Fourrages annuels, prairies non permanentes et STH","Prairies non permanentes et STH","Prairies non permanentes","Prairie artificielle (luzerne, trèfle violet, ...)","Luzerne pour déshydratation","08 - Ardennes",13368194,116877,114.4
"Fourrages annuels, prairies non permanentes et STH","Prairies non permanentes et STH","Prairies non permanentes","Prairie artificielle (luzerne, trèfle violet, ...)","Luzerne pour déshydratation","10 - Aube",13921636,119758,116.2
"Fourrages annuels, prairies non permanentes et STH","Prairies non permanentes et STH","Prairies non permanentes","Prairie artificielle (luzerne, trèfle violet, ...)","Luzerne pour déshydratation","51 - Marne",59472295,499991,118.9
"Fourrages annuels, prairies non permanentes et STH","Prairies non permanentes et STH","Prairies non permanentes","Prairie artificielle (luzerne, trèfle violet, ...)","Luzerne pour déshydratation","52 - Haute-Marne",9354,83,112.7
"Fourrages annuels, prairies non permanentes et STH","Prairies non permanentes et STH","Prairies non permanentes","Prairie artificielle (luzerne, trèfle violet, ...)","Luzerne pour déshydratation","54 - Meurthe-et-Moselle",0,0,NA
"Fourrages annuels, prairies non permanentes et STH","Prairies non permanentes et STH","Prairies non permanentes","Prairie artificielle (luzerne, trèfle violet, ...)","Luzerne pour déshydratation","55 - Meuse",24393,245,99.6
"Fourrages annuels, prairies non permanentes et STH","Prairies non permanentes et STH","Prairies non permanentes","Prairie artificielle (luzerne, trèfle violet, ...)","Luzerne pour déshydratation","57 - Moselle",0,0,NA
"Fourrages annuels, prairies non permanentes et STH","Prairies non permanentes et STH","Prairies non permanentes","Prairie artificielle (luzerne, trèfle violet, ...)","Luzerne pour déshydratation","67 - Bas-Rhin",0,0,NA
"Fourrages annuels, prairies non permanentes et STH","Prairies non permanentes et STH","Prairies non permanentes","Prairie artificielle (luzerne, trèfle violet, ...)","Luzerne pour déshydratation","68 - Haut-Rhin",92329,727,127
"Fourrages annuels, prairies non permanentes et STH","Prairies non permanentes et STH","Prairies non permanentes","Prairie artificielle (luzerne, trèfle violet, ...)","Luzerne pour déshydratation","88 - Vosges",0,0,NA
"Fourrages annuels, prairies non permanentes et STH","Prairies non permanentes et STH","Prairies non permanentes","Prairie artificielle (luzerne, trèfle violet, ...)","Luzerne pour déshydratation","44 - Loire-Atlantique",133681,1675,79.8
"Fourrages annuels, prairies non permanentes et STH","Prairies non permanentes et STH","Prairies non permanentes","Prairie artificielle (luzerne, trèfle violet, ...)","Luzerne pour déshydratation","49 - Maine-et-Loire",27305,349,78.2
"Fourrages annuels, prairies non permanentes et STH","Prairies non permanentes et STH","Prairies non permanentes","Prairie artificielle (luzerne, trèfle violet, ...)","Luzerne pour déshydratation","53 - Mayenne",1669873,18289,91.3
"Fourrages annuels, prairies non permanentes et STH","Prairies non permanentes et STH","Prairies non permanentes","Prairie artificielle (luzerne, trèfle violet, ...)","Luzerne pour déshydratation","72 - Sarthe",28614,338,84.7
"Fourrages annuels, prairies non permanentes et STH","Prairies non permanentes et STH","Prairies non permanentes","Prairie artificielle (luzerne, trèfle violet, ...)","Luzerne pour déshydratation","85 - Vendée",4230,54,78.3
"Fourrages annuels, prairies non permanentes et STH","Prairies non permanentes et STH","Prairies non permanentes","Prairie artificielle (luzerne, trèfle violet, ...)","Luzerne pour déshydratation","22 - Côtes-d'Armor",132972,1681,79.1
"Fourrages annuels, prairies non permanentes et STH","Prairies non permanentes et STH","Prairies non permanentes","Prairie artificielle (luzerne, trèfle violet, ...)","Luzerne pour déshydratation","29 - Finistère",131831,1603,82.2
"Fourrages annuels, prairies non permanentes et STH","Prairies non permanentes et STH","Prairies non permanentes","Prairie artificielle (luzerne, trèfle violet, ...)","Luzerne pour déshydratation","35 - Ille-et-Vilaine",2571554,28822,89.2
"Fourrages annuels, prairies non permanentes et STH","Prairies non permanentes et STH","Prairies non permanentes","Prairie artificielle (luzerne, trèfle violet, ...)","Luzerne pour déshydratation","56 - Morbihan",131356,2482,52.9
"Fourrages annuels, prairies non permanentes et STH","Prairies non permanentes et STH","Prairies non permanentes","Prairie artificielle (luzerne, trèfle violet, ...)","Luzerne pour déshydratation","16 - Charente",898312,10149,88.5
"Fourrages annuels, prairies non permanentes et STH","Prairies non permanentes et STH","Prairies non permanentes","Prairie artificielle (luzerne, trèfle violet, ...)","Luzerne pour déshydratation","17 - Charente-Maritime",520451,5428,95.9
"Fourrages annuels, prairies non permanentes et STH","Prairies non permanentes et STH","Prairies non permanentes","Prairie artificielle (luzerne, trèfle violet, ...)","Luzerne pour déshydratation","19 - Corrèze",0,0,NA
"Fourrages annuels, prairies non permanentes et STH","Prairies non permanentes et STH","Prairies non permanentes","Prairie artificielle (luzerne, trèfle violet, ...)","Luzerne pour déshydratation","23 - Creuse",0,0,NA
"Fourrages annuels, prairies non permanentes et STH","Prairies non permanentes et STH","Prairies non permanentes","Prairie artificielle (luzerne, trèfle violet, ...)","Luzerne pour déshydratation","24 - Dordogne",4932558,59726,82.6
"Fourrages annuels, prairies non permanentes et STH","Prairies non permanentes et STH","Prairies non permanentes","Prairie artificielle (luzerne, trèfle violet, ...)","Luzerne pour déshydratation","33 - Gironde",431810,5565,77.6
"Fourrages annuels, prairies non permanentes et STH","Prairies non permanentes et STH","Prairies non permanentes","Prairie artificielle (luzerne, trèfle violet, ...)","Luzerne pour déshydratation","40 - Landes",54077,672,80.5
"Fourrages annuels, prairies non permanentes et STH","Prairies non permanentes et STH","Prairies non permanentes","Prairie artificielle (luzerne, trèfle violet, ...)","Luzerne pour déshydratation","47 - Lot-et-Garonne",1898863,28762,66
"Fourrages annuels, prairies non permanentes et STH","Prairies non permanentes et STH","Prairies non permanentes","Prairie artificielle (luzerne, trèfle violet, ...)","Luzerne pour déshydratation","64 - Pyrénées-Atlantiques",124873,1290,96.8
"Fourrages annuels, prairies non permanentes et STH","Prairies non permanentes et STH","Prairies non permanentes","Prairie artificielle (luzerne, trèfle violet, ...)","Luzerne pour déshydratation","79 - Deux-Sèvres",165043,1714,96.3
"Fourrages annuels, prairies non permanentes et STH","Prairies non permanentes et STH","Prairies non permanentes","Prairie artificielle (luzerne, trèfle violet, ...)","Luzerne pour déshydratation","86 - Vienne",1190955,13077,91.1
"Fourrages annuels, prairies non permanentes et STH","Prairies non permanentes et STH","Prairies non permanentes","Prairie artificielle (luzerne, trèfle violet, ...)","Luzerne pour déshydratation","87 - Haute-Vienne",6160,88,70
"Fourrages annuels, prairies non permanentes et STH","Prairies non permanentes et STH","Prairies non permanentes","Prairie artificielle (luzerne, trèfle violet, ...)","Luzerne pour déshydratation","09 - Ariège",828,11,75.3
"Fourrages annuels, prairies non permanentes et STH","Prairies non permanentes et STH","Prairies non permanentes","Prairie artificielle (luzerne, trèfle violet, ...)","Luzerne pour déshydratation","11 - Aude",1989,39,51
"Fourrages annuels, prairies non permanentes et STH","Prairies non permanentes et STH","Prairies non permanentes","Prairie artificielle (luzerne, trèfle violet, ...)","Luzerne pour déshydratation","12 - Aveyron",55,1,55
"Fourrages annuels, prairies non permanentes et STH","Prairies non permanentes et STH","Prairies non permanentes","Prairie artificielle (luzerne, trèfle violet, ...)","Luzerne pour déshydratation","30 - Gard",3452,64,53.9
"Fourrages annuels, prairies non permanentes et STH","Prairies non permanentes et STH","Prairies non permanentes","Prairie artificielle (luzerne, trèfle violet, ...)","Luzerne pour déshydratation","31 - Haute-Garonne",516,6,86
"Fourrages annuels, prairies non permanentes et STH","Prairies non permanentes et STH","Prairies non permanentes","Prairie artificielle (luzerne, trèfle violet, ...)","Luzerne pour déshydratation","32 - Gers",308,4,77
"Fourrages annuels, prairies non permanentes et STH","Prairies non permanentes et STH","Prairies non permanentes","Prairie artificielle (luzerne, trèfle violet, ...)","Luzerne pour déshydratation","34 - Hérault",1425,30,47.5
"Fourrages annuels, prairies non permanentes et STH","Prairies non permanentes et STH","Prairies non permanentes","Prairie artificielle (luzerne, trèfle violet, ...)","Luzerne pour déshydratation","46 - Lot",0,0,NA
"Fourrages annuels, prairies non permanentes et STH","Prairies non permanentes et STH","Prairies non permanentes","Prairie artificielle (luzerne, trèfle violet, ...)","Luzerne pour déshydratation","48 - Lozère",0,0,NA
"Fourrages annuels, prairies non permanentes et STH","Prairies non permanentes et STH","Prairies non permanentes","Prairie artificielle (luzerne, trèfle violet, ...)","Luzerne pour déshydratation","65 - Hautes-Pyrénées",0,0,NA
"Fourrages annuels, prairies non permanentes et STH","Prairies non permanentes et STH","Prairies non permanentes","Prairie artificielle (luzerne, trèfle violet, ...)","Luzerne pour déshydratation","66 - Pyrénées-Orientales",0,0,NA
"Fourrages annuels, prairies non permanentes et STH","Prairies non permanentes et STH","Prairies non permanentes","Prairie artificielle (luzerne, trèfle violet, ...)","Luzerne pour déshydratation","81 - Tarn",0,0,NA
"Fourrages annuels, prairies non permanentes et STH","Prairies non permanentes et STH","Prairies non permanentes","Prairie artificielle (luzerne, trèfle violet, ...)","Luzerne pour déshydratation","82 - Tarn-et-Garonne",2290,36,63.6
"Fourrages annuels, prairies non permanentes et STH","Prairies non permanentes et STH","Prairies non permanentes","Prairie artificielle (luzerne, trèfle violet, ...)","Luzerne pour déshydratation","01 - Ain",425708,4459,95.5
"Fourrages annuels, prairies non permanentes et STH","Prairies non permanentes et STH","Prairies non permanentes","Prairie artificielle (luzerne, trèfle violet, ...)","Luzerne pour déshydratation","03 - Allier",0,0,NA
"Fourrages annuels, prairies non permanentes et STH","Prairies non permanentes et STH","Prairies non permanentes","Prairie artificielle (luzerne, trèfle violet, ...)","Luzerne pour déshydratation","07 - Ardèche",0,0,NA
"Fourrages annuels, prairies non permanentes et STH","Prairies non permanentes et STH","Prairies non permanentes","Prairie artificielle (luzerne, trèfle violet, ...)","Luzerne pour déshydratation","15 - Cantal",0,0,NA
"Fourrages annuels, prairies non permanentes et STH","Prairies non permanentes et STH","Prairies non permanentes","Prairie artificielle (luzerne, trèfle violet, ...)","Luzerne pour déshydratation","26 - Drôme",275557,3608,76.4
"Fourrages annuels, prairies non permanentes et STH","Prairies non permanentes et STH","Prairies non permanentes","Prairie artificielle (luzerne, trèfle violet, ...)","Luzerne pour déshydratation","38 - Isère",0,0,NA
"Fourrages annuels, prairies non permanentes et STH","Prairies non permanentes et STH","Prairies non permanentes","Prairie artificielle (luzerne, trèfle violet, ...)","Luzerne pour déshydratation","42 - Loire",0,0,NA
"Fourrages annuels, prairies non permanentes et STH","Prairies non permanentes et STH","Prairies non permanentes","Prairie artificielle (luzerne, trèfle violet, ...)","Luzerne pour déshydratation","43 - Haute-Loire",0,0,NA
"Fourrages annuels, prairies non permanentes et STH","Prairies non permanentes et STH","Prairies non permanentes","Prairie artificielle (luzerne, trèfle violet, ...)","Luzerne pour déshydratation","63 - Puy-de-Dôme",0,0,NA
"Fourrages annuels, prairies non permanentes et STH","Prairies non permanentes et STH","Prairies non permanentes","Prairie artificielle (luzerne, trèfle violet, ...)","Luzerne pour déshydratation","69 - Rhône",0,0,NA
"Fourrages annuels, prairies non permanentes et STH","Prairies non permanentes et STH","Prairies non permanentes","Prairie artificielle (luzerne, trèfle violet, ...)","Luzerne pour déshydratation","73 - Savoie",0,0,NA
"Fourrages annuels, prairies non permanentes et STH","Prairies non permanentes et STH","Prairies non permanentes","Prairie artificielle (luzerne, trèfle violet, ...)","Luzerne pour déshydratation","74 - Haute-Savoie",0,0,NA
"Fourrages annuels, prairies non permanentes et STH","Prairies non permanentes et STH","Prairies non permanentes","Prairie artificielle (luzerne, trèfle violet, ...)","Luzerne pour déshydratation","04 - Alpes-de-Haute-Provence",0,0,NA
"Fourrages annuels, prairies non permanentes et STH","Prairies non permanentes et STH","Prairies non permanentes","Prairie artificielle (luzerne, trèfle violet, ...)","Luzerne pour déshydratation","05 - Hautes-Alpes",0,0,NA
"Fourrages annuels, prairies non permanentes et STH","Prairies non permanentes et STH","Prairies non permanentes","Prairie artificielle (luzerne, trèfle violet, ...)","Luzerne pour déshydratation","06 - Alpes-Maritimes",0,0,NA
"Fourrages annuels, prairies non permanentes et STH","Prairies non permanentes et STH","Prairies non permanentes","Prairie artificielle (luzerne, trèfle violet, ...)","Luzerne pour déshydratation","13 - Bouches-du-Rhône",0,0,NA
"Fourrages annuels, prairies non permanentes et STH","Prairies non permanentes et STH","Prairies non permanentes","Prairie artificielle (luzerne, trèfle violet, ...)","Luzerne pour déshydratation","83 - Var",0,0,NA
"Fourrages annuels, prairies non permanentes et STH","Prairies non permanentes et STH","Prairies non permanentes","Prairie artificielle (luzerne, trèfle violet, ...)","Luzerne pour déshydratation","84 - Vaucluse",0,0,NA
"Fourrages annuels, prairies non permanentes et STH","Prairies non permanentes et STH","Prairies non permanentes","Prairie artificielle (luzerne, trèfle violet, ...)","Luzerne pour déshydratation","2A - Corse-du-Sud",0,0,NA
"Fourrages annuels, prairies non permanentes et STH","Prairies non permanentes et STH","Prairies non permanentes","Prairie artificielle (luzerne, trèfle violet, ...)","Luzerne pour déshydratation","2B - Haute-Corse",0,0,NA
"Fourrages annuels, prairies non permanentes et STH","Prairies non permanentes et STH","Prairies non permanentes","Prairie artificielle (luzerne, trèfle violet, ...)","Autres prairies artificielles","971 - Guadeloupe",0,0,NA
"Fourrages annuels, prairies non permanentes et STH","Prairies non permanentes et STH","Prairies non permanentes","Prairie artificielle (luzerne, trèfle violet, ...)","Autres prairies artificielles","972 - Martinique",900,9,100
"Fourrages annuels, prairies non permanentes et STH","Prairies non permanentes et STH","Prairies non permanentes","Prairie artificielle (luzerne, trèfle violet, ...)","Autres prairies artificielles","973 - Guyane",37135,3203,11.6
"Fourrages annuels, prairies non permanentes et STH","Prairies non permanentes et STH","Prairies non permanentes","Prairie artificielle (luzerne, trèfle violet, ...)","Autres prairies artificielles","974 - La Réunion",39600,254,172.9
"Fourrages annuels, prairies non permanentes et STH","Prairies non permanentes et STH","Prairies non permanentes","Prairie artificielle (luzerne, trèfle violet, ...)","Autres prairies artificielles","976 - Mayotte",0,0,NA
"Fourrages annuels, prairies non permanentes et STH","Prairies non permanentes et STH","Prairies non permanentes","Prairie artificielle (luzerne, trèfle violet, ...)","Autres prairies artificielles","77 - Seine-et-Marne",2308512,22373,103.2
"Fourrages annuels, prairies non permanentes et STH","Prairies non permanentes et STH","Prairies non permanentes","Prairie artificielle (luzerne, trèfle violet, ...)","Autres prairies artificielles","78 - Yvelines",622779,5895,105.6
"Fourrages annuels, prairies non permanentes et STH","Prairies non permanentes et STH","Prairies non permanentes","Prairie artificielle (luzerne, trèfle violet, ...)","Autres prairies artificielles","91 - Essonne",445358,4140,107.6
"Fourrages annuels, prairies non permanentes et STH","Prairies non permanentes et STH","Prairies non permanentes","Prairie artificielle (luzerne, trèfle violet, ...)","Autres prairies artificielles","92 - Hauts-de-Seine",0,0,NA
"Fourrages annuels, prairies non permanentes et STH","Prairies non permanentes et STH","Prairies non permanentes","Prairie artificielle (luzerne, trèfle violet, ...)","Autres prairies artificielles","93 - Seine-Saint-Denis",660,6,110
"Fourrages annuels, prairies non permanentes et STH","Prairies non permanentes et STH","Prairies non permanentes","Prairie artificielle (luzerne, trèfle violet, ...)","Autres prairies artificielles","94 - Val-de-Marne",330,3,110
"Fourrages annuels, prairies non permanentes et STH","Prairies non permanentes et STH","Prairies non permanentes","Prairie artificielle (luzerne, trèfle violet, ...)","Autres prairies artificielles","95 - Val-d'Oise",217658,1959,111.1
"Fourrages annuels, prairies non permanentes et STH","Prairies non permanentes et STH","Prairies non permanentes","Prairie artificielle (luzerne, trèfle violet, ...)","Autres prairies artificielles","18 - Cher",5898378,94605,62.3
"Fourrages annuels, prairies non permanentes et STH","Prairies non permanentes et STH","Prairies non permanentes","Prairie artificielle (luzerne, trèfle violet, ...)","Autres prairies artificielles","28 - Eure-et-Loir",2049129,28398,72.2
"Fourrages annuels, prairies non permanentes et STH","Prairies non permanentes et STH","Prairies non permanentes","Prairie artificielle (luzerne, trèfle violet, ...)","Autres prairies artificielles","36 - Indre",6379507,101890,62.6
"Fourrages annuels, prairies non permanentes et STH","Prairies non permanentes et STH","Prairies non permanentes","Prairie artificielle (luzerne, trèfle violet, ...)","Autres prairies artificielles","37 - Indre-et-Loire",6165590,94991,64.9
"Fourrages annuels, prairies non permanentes et STH","Prairies non permanentes et STH","Prairies non permanentes","Prairie artificielle (luzerne, trèfle violet, ...)","Autres prairies artificielles","41 - Loir-et-Cher",2925422,41920,69.8
"Fourrages annuels, prairies non permanentes et STH","Prairies non permanentes et STH","Prairies non permanentes","Prairie artificielle (luzerne, trèfle violet, ...)","Autres prairies artificielles","45 - Loiret",2656115,41336,64.3
"Fourrages annuels, prairies non permanentes et STH","Prairies non permanentes et STH","Prairies non permanentes","Prairie artificielle (luzerne, trèfle violet, ...)","Autres prairies artificielles","21 - Côte-d'Or",9450425,121083,78
"Fourrages annuels, prairies non permanentes et STH","Prairies non permanentes et STH","Prairies non permanentes","Prairie artificielle (luzerne, trèfle violet, ...)","Autres prairies artificielles","25 - Doubs",1384770,16281,85.1
"Fourrages annuels, prairies non permanentes et STH","Prairies non permanentes et STH","Prairies non permanentes","Prairie artificielle (luzerne, trèfle violet, ...)","Autres prairies artificielles","39 - Jura",1662038,19383,85.7
"Fourrages annuels, prairies non permanentes et STH","Prairies non permanentes et STH","Prairies non permanentes","Prairie artificielle (luzerne, trèfle violet, ...)","Autres prairies artificielles","58 - Nièvre",3899550,50650,77
"Fourrages annuels, prairies non permanentes et STH","Prairies non permanentes et STH","Prairies non permanentes","Prairie artificielle (luzerne, trèfle violet, ...)","Autres prairies artificielles","70 - Haute-Saône",3662502,45493,80.5
"Fourrages annuels, prairies non permanentes et STH","Prairies non permanentes et STH","Prairies non permanentes","Prairie artificielle (luzerne, trèfle violet, ...)","Autres prairies artificielles","71 - Saône-et-Loire",4014090,48610,82.6
"Fourrages annuels, prairies non permanentes et STH","Prairies non permanentes et STH","Prairies non permanentes","Prairie artificielle (luzerne, trèfle violet, ...)","Autres prairies artificielles","89 - Yonne",5922972,76321,77.6
"Fourrages annuels, prairies non permanentes et STH","Prairies non permanentes et STH","Prairies non permanentes","Prairie artificielle (luzerne, trèfle violet, ...)","Autres prairies artificielles","90 - Territoire-de-Belfort",327295,3441,95.1
"Fourrages annuels, prairies non permanentes et STH","Prairies non permanentes et STH","Prairies non permanentes","Prairie artificielle (luzerne, trèfle violet, ...)","Autres prairies artificielles","14 - Calvados",2560540,28112,91.1
"Fourrages annuels, prairies non permanentes et STH","Prairies non permanentes et STH","Prairies non permanentes","Prairie artificielle (luzerne, trèfle violet, ...)","Autres prairies artificielles","27 - Eure",4093010,42695,95.9
"Fourrages annuels, prairies non permanentes et STH","Prairies non permanentes et STH","Prairies non permanentes","Prairie artificielle (luzerne, trèfle violet, ...)","Autres prairies artificielles","50 - Manche",3828596,39762,96.3
"Fourrages annuels, prairies non permanentes et STH","Prairies non permanentes et STH","Prairies non permanentes","Prairie artificielle (luzerne, trèfle violet, ...)","Autres prairies artificielles","61 - Orne",3682490,44318,83.1
"Fourrages annuels, prairies non permanentes et STH","Prairies non permanentes et STH","Prairies non permanentes","Prairie artificielle (luzerne, trèfle violet, ...)","Autres prairies artificielles","76 - Seine-Maritime",1512698,18218,83
"Fourrages annuels, prairies non permanentes et STH","Prairies non permanentes et STH","Prairies non permanentes","Prairie artificielle (luzerne, trèfle violet, ...)","Autres prairies artificielles","02 - Aisne",2197973,22337,98.4
"Fourrages annuels, prairies non permanentes et STH","Prairies non permanentes et STH","Prairies non permanentes","Prairie artificielle (luzerne, trèfle violet, ...)","Autres prairies artificielles","59 - Nord",1131847,12905,87.7
"Fourrages annuels, prairies non permanentes et STH","Prairies non permanentes et STH","Prairies non permanentes","Prairie artificielle (luzerne, trèfle violet, ...)","Autres prairies artificielles","60 - Oise",2229234,24699,90.3
"Fourrages annuels, prairies non permanentes et STH","Prairies non permanentes et STH","Prairies non permanentes","Prairie artificielle (luzerne, trèfle violet, ...)","Autres prairies artificielles","62 - Pas-de-Calais",2221003,23014,96.5
"Fourrages annuels, prairies non permanentes et STH","Prairies non permanentes et STH","Prairies non permanentes","Prairie artificielle (luzerne, trèfle violet, ...)","Autres prairies artificielles","80 - Somme",4349334,42105,103.3
"Fourrages annuels, prairies non permanentes et STH","Prairies non permanentes et STH","Prairies non permanentes","Prairie artificielle (luzerne, trèfle violet, ...)","Autres prairies artificielles","08 - Ardennes",10321996,88084,117.2
"Fourrages annuels, prairies non permanentes et STH","Prairies non permanentes et STH","Prairies non permanentes","Prairie artificielle (luzerne, trèfle violet, ...)","Autres prairies artificielles","10 - Aube",12239245,102082,119.9
"Fourrages annuels, prairies non permanentes et STH","Prairies non permanentes et STH","Prairies non permanentes","Prairie artificielle (luzerne, trèfle violet, ...)","Autres prairies artificielles","51 - Marne",42320077,333575,126.9
"Fourrages annuels, prairies non permanentes et STH","Prairies non permanentes et STH","Prairies non permanentes","Prairie artificielle (luzerne, trèfle violet, ...)","Autres prairies artificielles","52 - Haute-Marne",5239864,53800,97.4
"Fourrages annuels, prairies non permanentes et STH","Prairies non permanentes et STH","Prairies non permanentes","Prairie artificielle (luzerne, trèfle violet, ...)","Autres prairies artificielles","54 - Meurthe-et-Moselle",2379000,31660,75.1
"Fourrages annuels, prairies non permanentes et STH","Prairies non permanentes et STH","Prairies non permanentes","Prairie artificielle (luzerne, trèfle violet, ...)","Autres prairies artificielles","55 - Meuse",2878210,37000,77.8
"Fourrages annuels, prairies non permanentes et STH","Prairies non permanentes et STH","Prairies non permanentes","Prairie artificielle (luzerne, trèfle violet, ...)","Autres prairies artificielles","57 - Moselle",3548105,47020,75.5
"Fourrages annuels, prairies non permanentes et STH","Prairies non permanentes et STH","Prairies non permanentes","Prairie artificielle (luzerne, trèfle violet, ...)","Autres prairies artificielles","67 - Bas-Rhin",1747301,20228,86.4
"Fourrages annuels, prairies non permanentes et STH","Prairies non permanentes et STH","Prairies non permanentes","Prairie artificielle (luzerne, trèfle violet, ...)","Autres prairies artificielles","68 - Haut-Rhin",1112297,10547,105.5
"Fourrages annuels, prairies non permanentes et STH","Prairies non permanentes et STH","Prairies non permanentes","Prairie artificielle (luzerne, trèfle violet, ...)","Autres prairies artificielles","88 - Vosges",2814260,35850,78.5
"Fourrages annuels, prairies non permanentes et STH","Prairies non permanentes et STH","Prairies non permanentes","Prairie artificielle (luzerne, trèfle violet, ...)","Autres prairies artificielles","44 - Loire-Atlantique",2945887,33627,87.6
"Fourrages annuels, prairies non permanentes et STH","Prairies non permanentes et STH","Prairies non permanentes","Prairie artificielle (luzerne, trèfle violet, ...)","Autres prairies artificielles","49 - Maine-et-Loire",9862048,97944,100.7
"Fourrages annuels, prairies non permanentes et STH","Prairies non permanentes et STH","Prairies non permanentes","Prairie artificielle (luzerne, trèfle violet, ...)","Autres prairies artificielles","53 - Mayenne",3833613,40864,93.8
"Fourrages annuels, prairies non permanentes et STH","Prairies non permanentes et STH","Prairies non permanentes","Prairie artificielle (luzerne, trèfle violet, ...)","Autres prairies artificielles","72 - Sarthe",2789755,37179,75
"Fourrages annuels, prairies non permanentes et STH","Prairies non permanentes et STH","Prairies non permanentes","Prairie artificielle (luzerne, trèfle violet, ...)","Autres prairies artificielles","85 - Vendée",7789116,76803,101.4
"Fourrages annuels, prairies non permanentes et STH","Prairies non permanentes et STH","Prairies non permanentes","Prairie artificielle (luzerne, trèfle violet, ...)","Autres prairies artificielles","22 - Côtes-d'Armor",1190425,14100,84.4
"Fourrages annuels, prairies non permanentes et STH","Prairies non permanentes et STH","Prairies non permanentes","Prairie artificielle (luzerne, trèfle violet, ...)","Autres prairies artificielles","29 - Finistère",1149919,11838,97.1
"Fourrages annuels, prairies non permanentes et STH","Prairies non permanentes et STH","Prairies non permanentes","Prairie artificielle (luzerne, trèfle violet, ...)","Autres prairies artificielles","35 - Ille-et-Vilaine",2126187,28114,75.6
"Fourrages annuels, prairies non permanentes et STH","Prairies non permanentes et STH","Prairies non permanentes","Prairie artificielle (luzerne, trèfle violet, ...)","Autres prairies artificielles","56 - Morbihan",1037892,11139,93.2
"Fourrages annuels, prairies non permanentes et STH","Prairies non permanentes et STH","Prairies non permanentes","Prairie artificielle (luzerne, trèfle violet, ...)","Autres prairies artificielles","16 - Charente",9843913,116141,84.8
"Fourrages annuels, prairies non permanentes et STH","Prairies non permanentes et STH","Prairies non permanentes","Prairie artificielle (luzerne, trèfle violet, ...)","Autres prairies artificielles","17 - Charente-Maritime",12827276,136423,94
"Fourrages annuels, prairies non permanentes et STH","Prairies non permanentes et STH","Prairies non permanentes","Prairie artificielle (luzerne, trèfle violet, ...)","Autres prairies artificielles","19 - Corrèze",831903,10224,81.4
"Fourrages annuels, prairies non permanentes et STH","Prairies non permanentes et STH","Prairies non permanentes","Prairie artificielle (luzerne, trèfle violet, ...)","Autres prairies artificielles","23 - Creuse",1149125,14077,81.6
"Fourrages annuels, prairies non permanentes et STH","Prairies non permanentes et STH","Prairies non permanentes","Prairie artificielle (luzerne, trèfle violet, ...)","Autres prairies artificielles","24 - Dordogne",10856191,127345,85.3
"Fourrages annuels, prairies non permanentes et STH","Prairies non permanentes et STH","Prairies non permanentes","Prairie artificielle (luzerne, trèfle violet, ...)","Autres prairies artificielles","33 - Gironde",1107719,14965,74
"Fourrages annuels, prairies non permanentes et STH","Prairies non permanentes et STH","Prairies non permanentes","Prairie artificielle (luzerne, trèfle violet, ...)","Autres prairies artificielles","40 - Landes",437743,5605,78.1
"Fourrages annuels, prairies non permanentes et STH","Prairies non permanentes et STH","Prairies non permanentes","Prairie artificielle (luzerne, trèfle violet, ...)","Autres prairies artificielles","47 - Lot-et-Garonne",6891591,109204,63.1
"Fourrages annuels, prairies non permanentes et STH","Prairies non permanentes et STH","Prairies non permanentes","Prairie artificielle (luzerne, trèfle violet, ...)","Autres prairies artificielles","64 - Pyrénées-Atlantiques",1560236,16153,96.6
"Fourrages annuels, prairies non permanentes et STH","Prairies non permanentes et STH","Prairies non permanentes","Prairie artificielle (luzerne, trèfle violet, ...)","Autres prairies artificielles","79 - Deux-Sèvres",17596328,175850,100.1
"Fourrages annuels, prairies non permanentes et STH","Prairies non permanentes et STH","Prairies non permanentes","Prairie artificielle (luzerne, trèfle violet, ...)","Autres prairies artificielles","86 - Vienne",13172448,140543,93.7
"Fourrages annuels, prairies non permanentes et STH","Prairies non permanentes et STH","Prairies non permanentes","Prairie artificielle (luzerne, trèfle violet, ...)","Autres prairies artificielles","87 - Haute-Vienne",1234570,15015,82.2
"Fourrages annuels, prairies non permanentes et STH","Prairies non permanentes et STH","Prairies non permanentes","Prairie artificielle (luzerne, trèfle violet, ...)","Autres prairies artificielles","09 - Ariège",4452650,64135,69.4
"Fourrages annuels, prairies non permanentes et STH","Prairies non permanentes et STH","Prairies non permanentes","Prairie artificielle (luzerne, trèfle violet, ...)","Autres prairies artificielles","11 - Aude",4967002,115866,42.9
"Fourrages annuels, prairies non permanentes et STH","Prairies non permanentes et STH","Prairies non permanentes","Prairie artificielle (luzerne, trèfle violet, ...)","Autres prairies artificielles","12 - Aveyron",23087655,317445,72.7
"Fourrages annuels, prairies non permanentes et STH","Prairies non permanentes et STH","Prairies non permanentes","Prairie artificielle (luzerne, trèfle violet, ...)","Autres prairies artificielles","30 - Gard",3784948,82475,45.9
"Fourrages annuels, prairies non permanentes et STH","Prairies non permanentes et STH","Prairies non permanentes","Prairie artificielle (luzerne, trèfle violet, ...)","Autres prairies artificielles","31 - Haute-Garonne",14145491,204713,69.1
"Fourrages annuels, prairies non permanentes et STH","Prairies non permanentes et STH","Prairies non permanentes","Prairie artificielle (luzerne, trèfle violet, ...)","Autres prairies artificielles","32 - Gers",9865679,162856,60.6
"Fourrages annuels, prairies non permanentes et STH","Prairies non permanentes et STH","Prairies non permanentes","Prairie artificielle (luzerne, trèfle violet, ...)","Autres prairies artificielles","34 - Hérault",2190852,51883,42.2
"Fourrages annuels, prairies non permanentes et STH","Prairies non permanentes et STH","Prairies non permanentes","Prairie artificielle (luzerne, trèfle violet, ...)","Autres prairies artificielles","46 - Lot",6830334,111139,61.5
"Fourrages annuels, prairies non permanentes et STH","Prairies non permanentes et STH","Prairies non permanentes","Prairie artificielle (luzerne, trèfle violet, ...)","Autres prairies artificielles","48 - Lozère",1091102,22474,48.5
"Fourrages annuels, prairies non permanentes et STH","Prairies non permanentes et STH","Prairies non permanentes","Prairie artificielle (luzerne, trèfle violet, ...)","Autres prairies artificielles","65 - Hautes-Pyrénées",2697640,38126,70.8
"Fourrages annuels, prairies non permanentes et STH","Prairies non permanentes et STH","Prairies non permanentes","Prairie artificielle (luzerne, trèfle violet, ...)","Autres prairies artificielles","66 - Pyrénées-Orientales",583671,12164,48
"Fourrages annuels, prairies non permanentes et STH","Prairies non permanentes et STH","Prairies non permanentes","Prairie artificielle (luzerne, trèfle violet, ...)","Autres prairies artificielles","81 - Tarn",17226361,240688,71.6
"Fourrages annuels, prairies non permanentes et STH","Prairies non permanentes et STH","Prairies non permanentes","Prairie artificielle (luzerne, trèfle violet, ...)","Autres prairies artificielles","82 - Tarn-et-Garonne",11037409,171745,64.3
"Fourrages annuels, prairies non permanentes et STH","Prairies non permanentes et STH","Prairies non permanentes","Prairie artificielle (luzerne, trèfle violet, ...)","Autres prairies artificielles","01 - Ain",3270210,35689,91.6
"Fourrages annuels, prairies non permanentes et STH","Prairies non permanentes et STH","Prairies non permanentes","Prairie artificielle (luzerne, trèfle violet, ...)","Autres prairies artificielles","03 - Allier",7432886,71097,104.5
"Fourrages annuels, prairies non permanentes et STH","Prairies non permanentes et STH","Prairies non permanentes","Prairie artificielle (luzerne, trèfle violet, ...)","Autres prairies artificielles","07 - Ardèche",4939595,67907,72.7
"Fourrages annuels, prairies non permanentes et STH","Prairies non permanentes et STH","Prairies non permanentes","Prairie artificielle (luzerne, trèfle violet, ...)","Autres prairies artificielles","15 - Cantal",1183721,15122,78.3
"Fourrages annuels, prairies non permanentes et STH","Prairies non permanentes et STH","Prairies non permanentes","Prairie artificielle (luzerne, trèfle violet, ...)","Autres prairies artificielles","26 - Drôme",15956194,215852,73.9
"Fourrages annuels, prairies non permanentes et STH","Prairies non permanentes et STH","Prairies non permanentes","Prairie artificielle (luzerne, trèfle violet, ...)","Autres prairies artificielles","38 - Isère",6969212,104164,66.9
"Fourrages annuels, prairies non permanentes et STH","Prairies non permanentes et STH","Prairies non permanentes","Prairie artificielle (luzerne, trèfle violet, ...)","Autres prairies artificielles","42 - Loire",4848674,70752,68.5
"Fourrages annuels, prairies non permanentes et STH","Prairies non permanentes et STH","Prairies non permanentes","Prairie artificielle (luzerne, trèfle violet, ...)","Autres prairies artificielles","43 - Haute-Loire",3127829,36171,86.5
"Fourrages annuels, prairies non permanentes et STH","Prairies non permanentes et STH","Prairies non permanentes","Prairie artificielle (luzerne, trèfle violet, ...)","Autres prairies artificielles","63 - Puy-de-Dôme",8932182,91522,97.6
"Fourrages annuels, prairies non permanentes et STH","Prairies non permanentes et STH","Prairies non permanentes","Prairie artificielle (luzerne, trèfle violet, ...)","Autres prairies artificielles","69 - Rhône",2221416,30490,72.9
"Fourrages annuels, prairies non permanentes et STH","Prairies non permanentes et STH","Prairies non permanentes","Prairie artificielle (luzerne, trèfle violet, ...)","Autres prairies artificielles","73 - Savoie",575483,7396,77.8
"Fourrages annuels, prairies non permanentes et STH","Prairies non permanentes et STH","Prairies non permanentes","Prairie artificielle (luzerne, trèfle violet, ...)","Autres prairies artificielles","74 - Haute-Savoie",2320346,31365,74
"Fourrages annuels, prairies non permanentes et STH","Prairies non permanentes et STH","Prairies non permanentes","Prairie artificielle (luzerne, trèfle violet, ...)","Autres prairies artificielles","04 - Alpes-de-Haute-Provence",9756758,147486,66.2
"Fourrages annuels, prairies non permanentes et STH","Prairies non permanentes et STH","Prairies non permanentes","Prairie artificielle (luzerne, trèfle violet, ...)","Autres prairies artificielles","05 - Hautes-Alpes",12629080,178231,70.9
"Fourrages annuels, prairies non permanentes et STH","Prairies non permanentes et STH","Prairies non permanentes","Prairie artificielle (luzerne, trèfle violet, ...)","Autres prairies artificielles","06 - Alpes-Maritimes",440028,6504,67.7
"Fourrages annuels, prairies non permanentes et STH","Prairies non permanentes et STH","Prairies non permanentes","Prairie artificielle (luzerne, trèfle violet, ...)","Autres prairies artificielles","13 - Bouches-du-Rhône",5502639,72533,75.9
"Fourrages annuels, prairies non permanentes et STH","Prairies non permanentes et STH","Prairies non permanentes","Prairie artificielle (luzerne, trèfle violet, ...)","Autres prairies artificielles","83 - Var",2006211,29856,67.2
"Fourrages annuels, prairies non permanentes et STH","Prairies non permanentes et STH","Prairies non permanentes","Prairie artificielle (luzerne, trèfle violet, ...)","Autres prairies artificielles","84 - Vaucluse",2551626,43892,58.1
"Fourrages annuels, prairies non permanentes et STH","Prairies non permanentes et STH","Prairies non permanentes","Prairie artificielle (luzerne, trèfle violet, ...)","Autres prairies artificielles","2A - Corse-du-Sud",608261,9822,61.9
"Fourrages annuels, prairies non permanentes et STH","Prairies non permanentes et STH","Prairies non permanentes","Prairie artificielle (luzerne, trèfle violet, ...)","Autres prairies artificielles","2B - Haute-Corse",4276421,58921,72.6
"Fourrages annuels, prairies non permanentes et STH","Prairies non permanentes et STH","Prairies non permanentes","Prairies temporaires","Prairies temporaires","971 - Guadeloupe",44475,577,77.1
"Fourrages annuels, prairies non permanentes et STH","Prairies non permanentes et STH","Prairies non permanentes","Prairies temporaires","Prairies temporaires","972 - Martinique",217789,4210,67.6
"Fourrages annuels, prairies non permanentes et STH","Prairies non permanentes et STH","Prairies non permanentes","Prairies temporaires","Prairies temporaires","973 - Guyane",96710,1680,57.6
"Fourrages annuels, prairies non permanentes et STH","Prairies non permanentes et STH","Prairies non permanentes","Prairies temporaires","Prairies temporaires","974 - La Réunion",3005930,27822,155.5
"Fourrages annuels, prairies non permanentes et STH","Prairies non permanentes et STH","Prairies non permanentes","Prairies temporaires","Prairies temporaires","976 - Mayotte",0,0,NA
"Fourrages annuels, prairies non permanentes et STH","Prairies non permanentes et STH","Prairies non permanentes","Prairies temporaires","Prairies temporaires","77 - Seine-et-Marne",2911988,32820,88.7
"Fourrages annuels, prairies non permanentes et STH","Prairies non permanentes et STH","Prairies non permanentes","Prairies temporaires","Prairies temporaires","78 - Yvelines",1941762,21642,89.7
"Fourrages annuels, prairies non permanentes et STH","Prairies non permanentes et STH","Prairies non permanentes","Prairies temporaires","Prairies temporaires","91 - Essonne",564328,6527,86.5
"Fourrages annuels, prairies non permanentes et STH","Prairies non permanentes et STH","Prairies non permanentes","Prairies temporaires","Prairies temporaires","92 - Hauts-de-Seine",0,0,NA
"Fourrages annuels, prairies non permanentes et STH","Prairies non permanentes et STH","Prairies non permanentes","Prairies temporaires","Prairies temporaires","93 - Seine-Saint-Denis",0,0,NA
"Fourrages annuels, prairies non permanentes et STH","Prairies non permanentes et STH","Prairies non permanentes","Prairies temporaires","Prairies temporaires","94 - Val-de-Marne",0,0,NA
"Fourrages annuels, prairies non permanentes et STH","Prairies non permanentes et STH","Prairies non permanentes","Prairies temporaires","Prairies temporaires","95 - Val-d'Oise",913639,9861,92.7
"Fourrages annuels, prairies non permanentes et STH","Prairies non permanentes et STH","Prairies non permanentes","Prairies temporaires","Prairies temporaires","18 - Cher",29672788,500360,59.3
"Fourrages annuels, prairies non permanentes et STH","Prairies non permanentes et STH","Prairies non permanentes","Prairies temporaires","Prairies temporaires","28 - Eure-et-Loir",5825799,82398,70.7
"Fourrages annuels, prairies non permanentes et STH","Prairies non permanentes et STH","Prairies non permanentes","Prairies temporaires","Prairies temporaires","36 - Indre",88086359,1453815,60.6
"Fourrages annuels, prairies non permanentes et STH","Prairies non permanentes et STH","Prairies non permanentes","Prairies temporaires","Prairies temporaires","37 - Indre-et-Loire",26673530,461014,57.9
"Fourrages annuels, prairies non permanentes et STH","Prairies non permanentes et STH","Prairies non permanentes","Prairies temporaires","Prairies temporaires","41 - Loir-et-Cher",13343491,203381,65.6
"Fourrages annuels, prairies non permanentes et STH","Prairies non permanentes et STH","Prairies non permanentes","Prairies temporaires","Prairies temporaires","45 - Loiret",11718624,206054,56.9
"Fourrages annuels, prairies non permanentes et STH","Prairies non permanentes et STH","Prairies non permanentes","Prairies temporaires","Prairies temporaires","21 - Côte-d'Or",16472582,249470,66
"Fourrages annuels, prairies non permanentes et STH","Prairies non permanentes et STH","Prairies non permanentes","Prairies temporaires","Prairies temporaires","25 - Doubs",36481269,598350,61
"Fourrages annuels, prairies non permanentes et STH","Prairies non permanentes et STH","Prairies non permanentes","Prairies temporaires","Prairies temporaires","39 - Jura",40328367,587812,68.6
"Fourrages annuels, prairies non permanentes et STH","Prairies non permanentes et STH","Prairies non permanentes","Prairies temporaires","Prairies temporaires","58 - Nièvre",40112029,665530,60.3
"Fourrages annuels, prairies non permanentes et STH","Prairies non permanentes et STH","Prairies non permanentes","Prairies temporaires","Prairies temporaires","70 - Haute-Saône",20929307,324702,64.5
"Fourrages annuels, prairies non permanentes et STH","Prairies non permanentes et STH","Prairies non permanentes","Prairies temporaires","Prairies temporaires","71 - Saône-et-Loire",68239780,876050,77.9
"Fourrages annuels, prairies non permanentes et STH","Prairies non permanentes et STH","Prairies non permanentes","Prairies temporaires","Prairies temporaires","89 - Yonne",15313885,243500,62.9
"Fourrages annuels, prairies non permanentes et STH","Prairies non permanentes et STH","Prairies non permanentes","Prairies temporaires","Prairies temporaires","90 - Territoire-de-Belfort",1748038,26915,64.9
"Fourrages annuels, prairies non permanentes et STH","Prairies non permanentes et STH","Prairies non permanentes","Prairies temporaires","Prairies temporaires","14 - Calvados",32589052,393203,82.9
"Fourrages annuels, prairies non permanentes et STH","Prairies non permanentes et STH","Prairies non permanentes","Prairies temporaires","Prairies temporaires","27 - Eure",9835135,119007,82.6
"Fourrages annuels, prairies non permanentes et STH","Prairies non permanentes et STH","Prairies non permanentes","Prairies temporaires","Prairies temporaires","50 - Manche",107162311,1141085,93.9
"Fourrages annuels, prairies non permanentes et STH","Prairies non permanentes et STH","Prairies non permanentes","Prairies temporaires","Prairies temporaires","61 - Orne",41533736,563022,73.8
"Fourrages annuels, prairies non permanentes et STH","Prairies non permanentes et STH","Prairies non permanentes","Prairies temporaires","Prairies temporaires","76 - Seine-Maritime",26534257,259002,102.4
"Fourrages annuels, prairies non permanentes et STH","Prairies non permanentes et STH","Prairies non permanentes","Prairies temporaires","Prairies temporaires","02 - Aisne",6018660,69820,86.2
"Fourrages annuels, prairies non permanentes et STH","Prairies non permanentes et STH","Prairies non permanentes","Prairies temporaires","Prairies temporaires","59 - Nord",7679793,87525,87.7
"Fourrages annuels, prairies non permanentes et STH","Prairies non permanentes et STH","Prairies non permanentes","Prairies temporaires","Prairies temporaires","60 - Oise",5832607,63908,91.3
"Fourrages annuels, prairies non permanentes et STH","Prairies non permanentes et STH","Prairies non permanentes","Prairies temporaires","Prairies temporaires","62 - Pas-de-Calais",14850589,173062,85.8
"Fourrages annuels, prairies non permanentes et STH","Prairies non permanentes et STH","Prairies non permanentes","Prairies temporaires","Prairies temporaires","80 - Somme",7940178,81464,97.5
"Fourrages annuels, prairies non permanentes et STH","Prairies non permanentes et STH","Prairies non permanentes","Prairies temporaires","Prairies temporaires","08 - Ardennes",4510471,69276,65.1
"Fourrages annuels, prairies non permanentes et STH","Prairies non permanentes et STH","Prairies non permanentes","Prairies temporaires","Prairies temporaires","10 - Aube",5473146,85731,63.8
"Fourrages annuels, prairies non permanentes et STH","Prairies non permanentes et STH","Prairies non permanentes","Prairies temporaires","Prairies temporaires","51 - Marne",1858153,31119,59.7
"Fourrages annuels, prairies non permanentes et STH","Prairies non permanentes et STH","Prairies non permanentes","Prairies temporaires","Prairies temporaires","52 - Haute-Marne",11603710,194789,59.6
"Fourrages annuels, prairies non permanentes et STH","Prairies non permanentes et STH","Prairies non permanentes","Prairies temporaires","Prairies temporaires","54 - Meurthe-et-Moselle",11797010,170890,69
"Fourrages annuels, prairies non permanentes et STH","Prairies non permanentes et STH","Prairies non permanentes","Prairies temporaires","Prairies temporaires","55 - Meuse",9801575,139400,70.3
"Fourrages annuels, prairies non permanentes et STH","Prairies non permanentes et STH","Prairies non permanentes","Prairies temporaires","Prairies temporaires","57 - Moselle",19992840,281440,71
"Fourrages annuels, prairies non permanentes et STH","Prairies non permanentes et STH","Prairies non permanentes","Prairies temporaires","Prairies temporaires","67 - Bas-Rhin",7736736,105304,73.5
"Fourrages annuels, prairies non permanentes et STH","Prairies non permanentes et STH","Prairies non permanentes","Prairies temporaires","Prairies temporaires","68 - Haut-Rhin",6408409,82406,77.8
"Fourrages annuels, prairies non permanentes et STH","Prairies non permanentes et STH","Prairies non permanentes","Prairies temporaires","Prairies temporaires","88 - Vosges",19534197,267570,73
"Fourrages annuels, prairies non permanentes et STH","Prairies non permanentes et STH","Prairies non permanentes","Prairies temporaires","Prairies temporaires","44 - Loire-Atlantique",206397199,3110052,66.4
"Fourrages annuels, prairies non permanentes et STH","Prairies non permanentes et STH","Prairies non permanentes","Prairies temporaires","Prairies temporaires","49 - Maine-et-Loire",183368534,2272548,80.7
"Fourrages annuels, prairies non permanentes et STH","Prairies non permanentes et STH","Prairies non permanentes","Prairies temporaires","Prairies temporaires","53 - Mayenne",170480619,2061381,82.7
"Fourrages annuels, prairies non permanentes et STH","Prairies non permanentes et STH","Prairies non permanentes","Prairies temporaires","Prairies temporaires","72 - Sarthe",47764369,703687,67.9
"Fourrages annuels, prairies non permanentes et STH","Prairies non permanentes et STH","Prairies non permanentes","Prairies temporaires","Prairies temporaires","85 - Vendée",204886140,2306008,88.8
"Fourrages annuels, prairies non permanentes et STH","Prairies non permanentes et STH","Prairies non permanentes","Prairies temporaires","Prairies temporaires","22 - Côtes-d'Armor",197402644,2523442,78.2
"Fourrages annuels, prairies non permanentes et STH","Prairies non permanentes et STH","Prairies non permanentes","Prairies temporaires","Prairies temporaires","29 - Finistère",191411792,2339041,81.8
"Fourrages annuels, prairies non permanentes et STH","Prairies non permanentes et STH","Prairies non permanentes","Prairies temporaires","Prairies temporaires","35 - Ille-et-Vilaine",199540430,2688912,74.2
"Fourrages annuels, prairies non permanentes et STH","Prairies non permanentes et STH","Prairies non permanentes","Prairies temporaires","Prairies temporaires","56 - Morbihan",168955569,2268825,74.5
"Fourrages annuels, prairies non permanentes et STH","Prairies non permanentes et STH","Prairies non permanentes","Prairies temporaires","Prairies temporaires","16 - Charente",91373430,1011841,90.3
"Fourrages annuels, prairies non permanentes et STH","Prairies non permanentes et STH","Prairies non permanentes","Prairies temporaires","Prairies temporaires","17 - Charente-Maritime",28055349,336332,83.4
"Fourrages annuels, prairies non permanentes et STH","Prairies non permanentes et STH","Prairies non permanentes","Prairies temporaires","Prairies temporaires","19 - Corrèze",58763348,907940,64.7
"Fourrages annuels, prairies non permanentes et STH","Prairies non permanentes et STH","Prairies non permanentes","Prairies temporaires","Prairies temporaires","23 - Creuse",73736596,1091338,67.6
"Fourrages annuels, prairies non permanentes et STH","Prairies non permanentes et STH","Prairies non permanentes","Prairies temporaires","Prairies temporaires","24 - Dordogne",75060040,1031557,72.8
"Fourrages annuels, prairies non permanentes et STH","Prairies non permanentes et STH","Prairies non permanentes","Prairies temporaires","Prairies temporaires","33 - Gironde",9002576,142090,63.4
"Fourrages annuels, prairies non permanentes et STH","Prairies non permanentes et STH","Prairies non permanentes","Prairies temporaires","Prairies temporaires","40 - Landes",21487546,307055,70
"Fourrages annuels, prairies non permanentes et STH","Prairies non permanentes et STH","Prairies non permanentes","Prairies temporaires","Prairies temporaires","47 - Lot-et-Garonne",27734612,469329,59.1
"Fourrages annuels, prairies non permanentes et STH","Prairies non permanentes et STH","Prairies non permanentes","Prairies temporaires","Prairies temporaires","64 - Pyrénées-Atlantiques",123873113,1404422,88.2
"Fourrages annuels, prairies non permanentes et STH","Prairies non permanentes et STH","Prairies non permanentes","Prairies temporaires","Prairies temporaires","79 - Deux-Sèvres",130400398,1799802,72.5
"Fourrages annuels, prairies non permanentes et STH","Prairies non permanentes et STH","Prairies non permanentes","Prairies temporaires","Prairies temporaires","86 - Vienne",102158308,1418350,72
"Fourrages annuels, prairies non permanentes et STH","Prairies non permanentes et STH","Prairies non permanentes","Prairies temporaires","Prairies temporaires","87 - Haute-Vienne",136063657,1842045,73.9
"Fourrages annuels, prairies non permanentes et STH","Prairies non permanentes et STH","Prairies non permanentes","Prairies temporaires","Prairies temporaires","09 - Ariège",14184999,220666,64.3
"Fourrages annuels, prairies non permanentes et STH","Prairies non permanentes et STH","Prairies non permanentes","Prairies temporaires","Prairies temporaires","11 - Aude",5258499,134665,39
"Fourrages annuels, prairies non permanentes et STH","Prairies non permanentes et STH","Prairies non permanentes","Prairies temporaires","Prairies temporaires","12 - Aveyron",250029269,3816610,65.5
"Fourrages annuels, prairies non permanentes et STH","Prairies non permanentes et STH","Prairies non permanentes","Prairies temporaires","Prairies temporaires","30 - Gard",3646741,93464,39
"Fourrages annuels, prairies non permanentes et STH","Prairies non permanentes et STH","Prairies non permanentes","Prairies temporaires","Prairies temporaires","31 - Haute-Garonne",34714239,524442,66.2
"Fourrages annuels, prairies non permanentes et STH","Prairies non permanentes et STH","Prairies non permanentes","Prairies temporaires","Prairies temporaires","32 - Gers",53169154,932614,57
"Fourrages annuels, prairies non permanentes et STH","Prairies non permanentes et STH","Prairies non permanentes","Prairies temporaires","Prairies temporaires","34 - Hérault",3817363,92684,41.2
"Fourrages annuels, prairies non permanentes et STH","Prairies non permanentes et STH","Prairies non permanentes","Prairies temporaires","Prairies temporaires","46 - Lot",54628672,967569,56.5
"Fourrages annuels, prairies non permanentes et STH","Prairies non permanentes et STH","Prairies non permanentes","Prairies temporaires","Prairies temporaires","48 - Lozère",33381976,722911,46.2
"Fourrages annuels, prairies non permanentes et STH","Prairies non permanentes et STH","Prairies non permanentes","Prairies temporaires","Prairies temporaires","65 - Hautes-Pyrénées",23980408,345686,69.4
"Fourrages annuels, prairies non permanentes et STH","Prairies non permanentes et STH","Prairies non permanentes","Prairies temporaires","Prairies temporaires","66 - Pyrénées-Orientales",454703,11631,39.1
"Fourrages annuels, prairies non permanentes et STH","Prairies non permanentes et STH","Prairies non permanentes","Prairies temporaires","Prairies temporaires","81 - Tarn",78837433,1169093,67.4
"Fourrages annuels, prairies non permanentes et STH","Prairies non permanentes et STH","Prairies non permanentes","Prairies temporaires","Prairies temporaires","82 - Tarn-et-Garonne",19953134,337477,59.1
"Fourrages annuels, prairies non permanentes et STH","Prairies non permanentes et STH","Prairies non permanentes","Prairies temporaires","Prairies temporaires","01 - Ain",41485901,552050,75.1
"Fourrages annuels, prairies non permanentes et STH","Prairies non permanentes et STH","Prairies non permanentes","Prairies temporaires","Prairies temporaires","03 - Allier",122723561,2174508,56.4
"Fourrages annuels, prairies non permanentes et STH","Prairies non permanentes et STH","Prairies non permanentes","Prairies temporaires","Prairies temporaires","07 - Ardèche",8005720,143993,55.6
"Fourrages annuels, prairies non permanentes et STH","Prairies non permanentes et STH","Prairies non permanentes","Prairies temporaires","Prairies temporaires","15 - Cantal",75377708,1166235,64.6
"Fourrages annuels, prairies non permanentes et STH","Prairies non permanentes et STH","Prairies non permanentes","Prairies temporaires","Prairies temporaires","26 - Drôme",10662547,181866,58.6
"Fourrages annuels, prairies non permanentes et STH","Prairies non permanentes et STH","Prairies non permanentes","Prairies temporaires","Prairies temporaires","38 - Isère",18565694,318366,58.3
"Fourrages annuels, prairies non permanentes et STH","Prairies non permanentes et STH","Prairies non permanentes","Prairies temporaires","Prairies temporaires","42 - Loire",48667485,864180,56.3
"Fourrages annuels, prairies non permanentes et STH","Prairies non permanentes et STH","Prairies non permanentes","Prairies temporaires","Prairies temporaires","43 - Haute-Loire",55397431,830936,66.7
"Fourrages annuels, prairies non permanentes et STH","Prairies non permanentes et STH","Prairies non permanentes","Prairies temporaires","Prairies temporaires","63 - Puy-de-Dôme",52726965,937663,56.2
"Fourrages annuels, prairies non permanentes et STH","Prairies non permanentes et STH","Prairies non permanentes","Prairies temporaires","Prairies temporaires","69 - Rhône",18363817,275502,66.7
"Fourrages annuels, prairies non permanentes et STH","Prairies non permanentes et STH","Prairies non permanentes","Prairies temporaires","Prairies temporaires","73 - Savoie",4128816,66334,62.2
"Fourrages annuels, prairies non permanentes et STH","Prairies non permanentes et STH","Prairies non permanentes","Prairies temporaires","Prairies temporaires","74 - Haute-Savoie",22185354,321883,68.9
"Fourrages annuels, prairies non permanentes et STH","Prairies non permanentes et STH","Prairies non permanentes","Prairies temporaires","Prairies temporaires","04 - Alpes-de-Haute-Provence",10534417,184885,57
"Fourrages annuels, prairies non permanentes et STH","Prairies non permanentes et STH","Prairies non permanentes","Prairies temporaires","Prairies temporaires","05 - Hautes-Alpes",11581671,214030,54.1
"Fourrages annuels, prairies non permanentes et STH","Prairies non permanentes et STH","Prairies non permanentes","Prairies temporaires","Prairies temporaires","06 - Alpes-Maritimes",94374,1619,58.3
"Fourrages annuels, prairies non permanentes et STH","Prairies non permanentes et STH","Prairies non permanentes","Prairies temporaires","Prairies temporaires","13 - Bouches-du-Rhône",2334318,37762,61.8
"Fourrages annuels, prairies non permanentes et STH","Prairies non permanentes et STH","Prairies non permanentes","Prairies temporaires","Prairies temporaires","83 - Var",1064219,28177,37.8
"Fourrages annuels, prairies non permanentes et STH","Prairies non permanentes et STH","Prairies non permanentes","Prairies temporaires","Prairies temporaires","84 - Vaucluse",2169909,35782,60.6
"Fourrages annuels, prairies non permanentes et STH","Prairies non permanentes et STH","Prairies non permanentes","Prairies temporaires","Prairies temporaires","2A - Corse-du-Sud",678081,13546,50.1
"Fourrages annuels, prairies non permanentes et STH","Prairies non permanentes et STH","Prairies non permanentes","Prairies temporaires","Prairies temporaires","2B - Haute-Corse",4167496,66747,62.4
"Fourrages annuels, prairies non permanentes et STH","Prairies non permanentes et STH","Superficie toujours en herbe (STH)","Superficie toujours en herbe (STH)","Superficie toujours en herbe (STH)","971 - Guadeloupe",18043030,579891,43.4
"Fourrages annuels, prairies non permanentes et STH","Prairies non permanentes et STH","Superficie toujours en herbe (STH)","Superficie toujours en herbe (STH)","Superficie toujours en herbe (STH)","972 - Martinique",6887202,319304,36.8
"Fourrages annuels, prairies non permanentes et STH","Prairies non permanentes et STH","Superficie toujours en herbe (STH)","Superficie toujours en herbe (STH)","Superficie toujours en herbe (STH)","973 - Guyane",5843700,127000,46
"Fourrages annuels, prairies non permanentes et STH","Prairies non permanentes et STH","Superficie toujours en herbe (STH)","Superficie toujours en herbe (STH)","Superficie toujours en herbe (STH)","974 - La Réunion",8665935,214684,58.9
"Fourrages annuels, prairies non permanentes et STH","Prairies non permanentes et STH","Superficie toujours en herbe (STH)","Superficie toujours en herbe (STH)","Superficie toujours en herbe (STH)","976 - Mayotte",2625,105,25
"Fourrages annuels, prairies non permanentes et STH","Prairies non permanentes et STH","Superficie toujours en herbe (STH)","Superficie toujours en herbe (STH)","Superficie toujours en herbe (STH)","77 - Seine-et-Marne",22033741,386363,57
"Fourrages annuels, prairies non permanentes et STH","Prairies non permanentes et STH","Superficie toujours en herbe (STH)","Superficie toujours en herbe (STH)","Superficie toujours en herbe (STH)","78 - Yvelines",11644105,233321,49.9
"Fourrages annuels, prairies non permanentes et STH","Prairies non permanentes et STH","Superficie toujours en herbe (STH)","Superficie toujours en herbe (STH)","Superficie toujours en herbe (STH)","91 - Essonne",2439347,48602,50.2
"Fourrages annuels, prairies non permanentes et STH","Prairies non permanentes et STH","Superficie toujours en herbe (STH)","Superficie toujours en herbe (STH)","Superficie toujours en herbe (STH)","92 - Hauts-de-Seine",2661,126,21.1
"Fourrages annuels, prairies non permanentes et STH","Prairies non permanentes et STH","Superficie toujours en herbe (STH)","Superficie toujours en herbe (STH)","Superficie toujours en herbe (STH)","93 - Seine-Saint-Denis",2268,682,3.3
"Fourrages annuels, prairies non permanentes et STH","Prairies non permanentes et STH","Superficie toujours en herbe (STH)","Superficie toujours en herbe (STH)","Superficie toujours en herbe (STH)","94 - Val-de-Marne",15690,659,23.8
"Fourrages annuels, prairies non permanentes et STH","Prairies non permanentes et STH","Superficie toujours en herbe (STH)","Superficie toujours en herbe (STH)","Superficie toujours en herbe (STH)","95 - Val-d'Oise",5106375,83675,61
"Fourrages annuels, prairies non permanentes et STH","Prairies non permanentes et STH","Superficie toujours en herbe (STH)","Superficie toujours en herbe (STH)","Superficie toujours en herbe (STH)","18 - Cher",97596294,2304765,42.3
"Fourrages annuels, prairies non permanentes et STH","Prairies non permanentes et STH","Superficie toujours en herbe (STH)","Superficie toujours en herbe (STH)","Superficie toujours en herbe (STH)","28 - Eure-et-Loir",18977034,452729,41.9
"Fourrages annuels, prairies non permanentes et STH","Prairies non permanentes et STH","Superficie toujours en herbe (STH)","Superficie toujours en herbe (STH)","Superficie toujours en herbe (STH)","36 - Indre",114891073,2639348,43.5
"Fourrages annuels, prairies non permanentes et STH","Prairies non permanentes et STH","Superficie toujours en herbe (STH)","Superficie toujours en herbe (STH)","Superficie toujours en herbe (STH)","37 - Indre-et-Loire",35938266,844345,42.6
"Fourrages annuels, prairies non permanentes et STH","Prairies non permanentes et STH","Superficie toujours en herbe (STH)","Superficie toujours en herbe (STH)","Superficie toujours en herbe (STH)","41 - Loir-et-Cher",22643311,570780,39.7
"Fourrages annuels, prairies non permanentes et STH","Prairies non permanentes et STH","Superficie toujours en herbe (STH)","Superficie toujours en herbe (STH)","Superficie toujours en herbe (STH)","45 - Loiret",11118275,311934,35.6
"Fourrages annuels, prairies non permanentes et STH","Prairies non permanentes et STH","Superficie toujours en herbe (STH)","Superficie toujours en herbe (STH)","Superficie toujours en herbe (STH)","21 - Côte-d'Or",138687290,3026971,45.8
"Fourrages annuels, prairies non permanentes et STH","Prairies non permanentes et STH","Superficie toujours en herbe (STH)","Superficie toujours en herbe (STH)","Superficie toujours en herbe (STH)","25 - Doubs",176764963,3659716,48.3
"Fourrages annuels, prairies non permanentes et STH","Prairies non permanentes et STH","Superficie toujours en herbe (STH)","Superficie toujours en herbe (STH)","Superficie toujours en herbe (STH)","39 - Jura",105558444,2514974,42
"Fourrages annuels, prairies non permanentes et STH","Prairies non permanentes et STH","Superficie toujours en herbe (STH)","Superficie toujours en herbe (STH)","Superficie toujours en herbe (STH)","58 - Nièvre",212388403,4466501,47.6
"Fourrages annuels, prairies non permanentes et STH","Prairies non permanentes et STH","Superficie toujours en herbe (STH)","Superficie toujours en herbe (STH)","Superficie toujours en herbe (STH)","70 - Haute-Saône",127866983,2515434,50.8
"Fourrages annuels, prairies non permanentes et STH","Prairies non permanentes et STH","Superficie toujours en herbe (STH)","Superficie toujours en herbe (STH)","Superficie toujours en herbe (STH)","71 - Saône-et-Loire",400673246,7568352,52.9
"Fourrages annuels, prairies non permanentes et STH","Prairies non permanentes et STH","Superficie toujours en herbe (STH)","Superficie toujours en herbe (STH)","Superficie toujours en herbe (STH)","89 - Yonne",60596920,1374192,44.1
"Fourrages annuels, prairies non permanentes et STH","Prairies non permanentes et STH","Superficie toujours en herbe (STH)","Superficie toujours en herbe (STH)","Superficie toujours en herbe (STH)","90 - Territoire-de-Belfort",12799705,232741,55
"Fourrages annuels, prairies non permanentes et STH","Prairies non permanentes et STH","Superficie toujours en herbe (STH)","Superficie toujours en herbe (STH)","Superficie toujours en herbe (STH)","14 - Calvados",241934642,4087461,59.2
"Fourrages annuels, prairies non permanentes et STH","Prairies non permanentes et STH","Superficie toujours en herbe (STH)","Superficie toujours en herbe (STH)","Superficie toujours en herbe (STH)","27 - Eure",96109892,1745119,55.1
"Fourrages annuels, prairies non permanentes et STH","Prairies non permanentes et STH","Superficie toujours en herbe (STH)","Superficie toujours en herbe (STH)","Superficie toujours en herbe (STH)","50 - Manche",408019059,5013203,81.4
"Fourrages annuels, prairies non permanentes et STH","Prairies non permanentes et STH","Superficie toujours en herbe (STH)","Superficie toujours en herbe (STH)","Superficie toujours en herbe (STH)","61 - Orne",212325070,4090605,51.9
"Fourrages annuels, prairies non permanentes et STH","Prairies non permanentes et STH","Superficie toujours en herbe (STH)","Superficie toujours en herbe (STH)","Superficie toujours en herbe (STH)","76 - Seine-Maritime",199705434,2724791,73.3
"Fourrages annuels, prairies non permanentes et STH","Prairies non permanentes et STH","Superficie toujours en herbe (STH)","Superficie toujours en herbe (STH)","Superficie toujours en herbe (STH)","02 - Aisne",111613565,1641544,68
"Fourrages annuels, prairies non permanentes et STH","Prairies non permanentes et STH","Superficie toujours en herbe (STH)","Superficie toujours en herbe (STH)","Superficie toujours en herbe (STH)","59 - Nord",128310375,1914823,67
"Fourrages annuels, prairies non permanentes et STH","Prairies non permanentes et STH","Superficie toujours en herbe (STH)","Superficie toujours en herbe (STH)","Superficie toujours en herbe (STH)","60 - Oise",56584655,895141,63.2
"Fourrages annuels, prairies non permanentes et STH","Prairies non permanentes et STH","Superficie toujours en herbe (STH)","Superficie toujours en herbe (STH)","Superficie toujours en herbe (STH)","62 - Pas-de-Calais",106355128,1716639,62
"Fourrages annuels, prairies non permanentes et STH","Prairies non permanentes et STH","Superficie toujours en herbe (STH)","Superficie toujours en herbe (STH)","Superficie toujours en herbe (STH)","80 - Somme",66637733,1043183,63.9
"Fourrages annuels, prairies non permanentes et STH","Prairies non permanentes et STH","Superficie toujours en herbe (STH)","Superficie toujours en herbe (STH)","Superficie toujours en herbe (STH)","08 - Ardennes",164272542,2745884,59.8
"Fourrages annuels, prairies non permanentes et STH","Prairies non permanentes et STH","Superficie toujours en herbe (STH)","Superficie toujours en herbe (STH)","Superficie toujours en herbe (STH)","10 - Aube",28519934,522126,54.6
"Fourrages annuels, prairies non permanentes et STH","Prairies non permanentes et STH","Superficie toujours en herbe (STH)","Superficie toujours en herbe (STH)","Superficie toujours en herbe (STH)","51 - Marne",28371918,528517,53.7
"Fourrages annuels, prairies non permanentes et STH","Prairies non permanentes et STH","Superficie toujours en herbe (STH)","Superficie toujours en herbe (STH)","Superficie toujours en herbe (STH)","52 - Haute-Marne",112202917,2121454,52.9
"Fourrages annuels, prairies non permanentes et STH","Prairies non permanentes et STH","Superficie toujours en herbe (STH)","Superficie toujours en herbe (STH)","Superficie toujours en herbe (STH)","54 - Meurthe-et-Moselle",122480755,2052734,59.7
"Fourrages annuels, prairies non permanentes et STH","Prairies non permanentes et STH","Superficie toujours en herbe (STH)","Superficie toujours en herbe (STH)","Superficie toujours en herbe (STH)","55 - Meuse",141417104,2219880,63.7
"Fourrages annuels, prairies non permanentes et STH","Prairies non permanentes et STH","Superficie toujours en herbe (STH)","Superficie toujours en herbe (STH)","Superficie toujours en herbe (STH)","57 - Moselle",157760343,2657534,59.4
"Fourrages annuels, prairies non permanentes et STH","Prairies non permanentes et STH","Superficie toujours en herbe (STH)","Superficie toujours en herbe (STH)","Superficie toujours en herbe (STH)","67 - Bas-Rhin",56790248,1103407,51.5
"Fourrages annuels, prairies non permanentes et STH","Prairies non permanentes et STH","Superficie toujours en herbe (STH)","Superficie toujours en herbe (STH)","Superficie toujours en herbe (STH)","68 - Haut-Rhin",29718734,640487,46.4
"Fourrages annuels, prairies non permanentes et STH","Prairies non permanentes et STH","Superficie toujours en herbe (STH)","Superficie toujours en herbe (STH)","Superficie toujours en herbe (STH)","88 - Vosges",168975560,2913880,58
"Fourrages annuels, prairies non permanentes et STH","Prairies non permanentes et STH","Superficie toujours en herbe (STH)","Superficie toujours en herbe (STH)","Superficie toujours en herbe (STH)","44 - Loire-Atlantique",96241798,2328165,41.3
"Fourrages annuels, prairies non permanentes et STH","Prairies non permanentes et STH","Superficie toujours en herbe (STH)","Superficie toujours en herbe (STH)","Superficie toujours en herbe (STH)","49 - Maine-et-Loire",123220131,2517929,48.9
"Fourrages annuels, prairies non permanentes et STH","Prairies non permanentes et STH","Superficie toujours en herbe (STH)","Superficie toujours en herbe (STH)","Superficie toujours en herbe (STH)","53 - Mayenne",129359487,2011077,64.3
"Fourrages annuels, prairies non permanentes et STH","Prairies non permanentes et STH","Superficie toujours en herbe (STH)","Superficie toujours en herbe (STH)","Superficie toujours en herbe (STH)","72 - Sarthe",124440250,2765745,45
"Fourrages annuels, prairies non permanentes et STH","Prairies non permanentes et STH","Superficie toujours en herbe (STH)","Superficie toujours en herbe (STH)","Superficie toujours en herbe (STH)","85 - Vendée",124009383,2116951,58.6
"Fourrages annuels, prairies non permanentes et STH","Prairies non permanentes et STH","Superficie toujours en herbe (STH)","Superficie toujours en herbe (STH)","Superficie toujours en herbe (STH)","22 - Côtes-d'Armor",43009773,919421,46.8
"Fourrages annuels, prairies non permanentes et STH","Prairies non permanentes et STH","Superficie toujours en herbe (STH)","Superficie toujours en herbe (STH)","Superficie toujours en herbe (STH)","29 - Finistère",47081213,1016241,46.3
"Fourrages annuels, prairies non permanentes et STH","Prairies non permanentes et STH","Superficie toujours en herbe (STH)","Superficie toujours en herbe (STH)","Superficie toujours en herbe (STH)","35 - Ille-et-Vilaine",57671858,1264539,45.6
"Fourrages annuels, prairies non permanentes et STH","Prairies non permanentes et STH","Superficie toujours en herbe (STH)","Superficie toujours en herbe (STH)","Superficie toujours en herbe (STH)","56 - Morbihan",43947139,1051633,41.8
"Fourrages annuels, prairies non permanentes et STH","Prairies non permanentes et STH","Superficie toujours en herbe (STH)","Superficie toujours en herbe (STH)","Superficie toujours en herbe (STH)","16 - Charente",69557768,1191307,58.4
"Fourrages annuels, prairies non permanentes et STH","Prairies non permanentes et STH","Superficie toujours en herbe (STH)","Superficie toujours en herbe (STH)","Superficie toujours en herbe (STH)","17 - Charente-Maritime",43931365,1155566,38
"Fourrages annuels, prairies non permanentes et STH","Prairies non permanentes et STH","Superficie toujours en herbe (STH)","Superficie toujours en herbe (STH)","Superficie toujours en herbe (STH)","19 - Corrèze",167010846,3596829,46.4
"Fourrages annuels, prairies non permanentes et STH","Prairies non permanentes et STH","Superficie toujours en herbe (STH)","Superficie toujours en herbe (STH)","Superficie toujours en herbe (STH)","23 - Creuse",232748639,4747625,49
"Fourrages annuels, prairies non permanentes et STH","Prairies non permanentes et STH","Superficie toujours en herbe (STH)","Superficie toujours en herbe (STH)","Superficie toujours en herbe (STH)","24 - Dordogne",146277040,3512054,41.6
"Fourrages annuels, prairies non permanentes et STH","Prairies non permanentes et STH","Superficie toujours en herbe (STH)","Superficie toujours en herbe (STH)","Superficie toujours en herbe (STH)","33 - Gironde",52825406,1303098,40.5
"Fourrages annuels, prairies non permanentes et STH","Prairies non permanentes et STH","Superficie toujours en herbe (STH)","Superficie toujours en herbe (STH)","Superficie toujours en herbe (STH)","40 - Landes",13556593,337028,40.2
"Fourrages annuels, prairies non permanentes et STH","Prairies non permanentes et STH","Superficie toujours en herbe (STH)","Superficie toujours en herbe (STH)","Superficie toujours en herbe (STH)","47 - Lot-et-Garonne",27143284,690751,39.3
"Fourrages annuels, prairies non permanentes et STH","Prairies non permanentes et STH","Superficie toujours en herbe (STH)","Superficie toujours en herbe (STH)","Superficie toujours en herbe (STH)","64 - Pyrénées-Atlantiques",196731187,4903674,40.1
"Fourrages annuels, prairies non permanentes et STH","Prairies non permanentes et STH","Superficie toujours en herbe (STH)","Superficie toujours en herbe (STH)","Superficie toujours en herbe (STH)","79 - Deux-Sèvres",82124034,1724748,47.6
"Fourrages annuels, prairies non permanentes et STH","Prairies non permanentes et STH","Superficie toujours en herbe (STH)","Superficie toujours en herbe (STH)","Superficie toujours en herbe (STH)","86 - Vienne",46536075,870586,53.5
"Fourrages annuels, prairies non permanentes et STH","Prairies non permanentes et STH","Superficie toujours en herbe (STH)","Superficie toujours en herbe (STH)","Superficie toujours en herbe (STH)","87 - Haute-Vienne",192262795,3519931,54.6
"Fourrages annuels, prairies non permanentes et STH","Prairies non permanentes et STH","Superficie toujours en herbe (STH)","Superficie toujours en herbe (STH)","Superficie toujours en herbe (STH)","09 - Ariège",78913397,3203109,24.6
"Fourrages annuels, prairies non permanentes et STH","Prairies non permanentes et STH","Superficie toujours en herbe (STH)","Superficie toujours en herbe (STH)","Superficie toujours en herbe (STH)","11 - Aude",12760222,1231760,10.4
"Fourrages annuels, prairies non permanentes et STH","Prairies non permanentes et STH","Superficie toujours en herbe (STH)","Superficie toujours en herbe (STH)","Superficie toujours en herbe (STH)","12 - Aveyron",222304912,5240344,42.4
"Fourrages annuels, prairies non permanentes et STH","Prairies non permanentes et STH","Superficie toujours en herbe (STH)","Superficie toujours en herbe (STH)","Superficie toujours en herbe (STH)","30 - Gard",11225021,1242545,9
"Fourrages annuels, prairies non permanentes et STH","Prairies non permanentes et STH","Superficie toujours en herbe (STH)","Superficie toujours en herbe (STH)","Superficie toujours en herbe (STH)","31 - Haute-Garonne",55749943,1517329,36.7
"Fourrages annuels, prairies non permanentes et STH","Prairies non permanentes et STH","Superficie toujours en herbe (STH)","Superficie toujours en herbe (STH)","Superficie toujours en herbe (STH)","32 - Gers",25871212,814154,31.8
"Fourrages annuels, prairies non permanentes et STH","Prairies non permanentes et STH","Superficie toujours en herbe (STH)","Superficie toujours en herbe (STH)","Superficie toujours en herbe (STH)","34 - Hérault",8185821,1389905,5.9
"Fourrages annuels, prairies non permanentes et STH","Prairies non permanentes et STH","Superficie toujours en herbe (STH)","Superficie toujours en herbe (STH)","Superficie toujours en herbe (STH)","46 - Lot",72853271,2459801,29.6
"Fourrages annuels, prairies non permanentes et STH","Prairies non permanentes et STH","Superficie toujours en herbe (STH)","Superficie toujours en herbe (STH)","Superficie toujours en herbe (STH)","48 - Lozère",55236169,4382892,12.6
"Fourrages annuels, prairies non permanentes et STH","Prairies non permanentes et STH","Superficie toujours en herbe (STH)","Superficie toujours en herbe (STH)","Superficie toujours en herbe (STH)","65 - Hautes-Pyrénées",80259117,2940842,27.3
"Fourrages annuels, prairies non permanentes et STH","Prairies non permanentes et STH","Superficie toujours en herbe (STH)","Superficie toujours en herbe (STH)","Superficie toujours en herbe (STH)","66 - Pyrénées-Orientales",12265534,1882147,6.5
"Fourrages annuels, prairies non permanentes et STH","Prairies non permanentes et STH","Superficie toujours en herbe (STH)","Superficie toujours en herbe (STH)","Superficie toujours en herbe (STH)","81 - Tarn",63845825,1483021,43.1
"Fourrages annuels, prairies non permanentes et STH","Prairies non permanentes et STH","Superficie toujours en herbe (STH)","Superficie toujours en herbe (STH)","Superficie toujours en herbe (STH)","82 - Tarn-et-Garonne",21201060,686546,30.9
"Fourrages annuels, prairies non permanentes et STH","Prairies non permanentes et STH","Superficie toujours en herbe (STH)","Superficie toujours en herbe (STH)","Superficie toujours en herbe (STH)","01 - Ain",107387749,2240074,47.9
"Fourrages annuels, prairies non permanentes et STH","Prairies non permanentes et STH","Superficie toujours en herbe (STH)","Superficie toujours en herbe (STH)","Superficie toujours en herbe (STH)","03 - Allier",186403678,5219606,35.7
"Fourrages annuels, prairies non permanentes et STH","Prairies non permanentes et STH","Superficie toujours en herbe (STH)","Superficie toujours en herbe (STH)","Superficie toujours en herbe (STH)","07 - Ardèche",45998255,2074678,22.2
"Fourrages annuels, prairies non permanentes et STH","Prairies non permanentes et STH","Superficie toujours en herbe (STH)","Superficie toujours en herbe (STH)","Superficie toujours en herbe (STH)","15 - Cantal",258418669,5989516,43.1
"Fourrages annuels, prairies non permanentes et STH","Prairies non permanentes et STH","Superficie toujours en herbe (STH)","Superficie toujours en herbe (STH)","Superficie toujours en herbe (STH)","26 - Drôme",21122402,1310707,16.1
"Fourrages annuels, prairies non permanentes et STH","Prairies non permanentes et STH","Superficie toujours en herbe (STH)","Superficie toujours en herbe (STH)","Superficie toujours en herbe (STH)","38 - Isère",104608738,3159625,33.1
"Fourrages annuels, prairies non permanentes et STH","Prairies non permanentes et STH","Superficie toujours en herbe (STH)","Superficie toujours en herbe (STH)","Superficie toujours en herbe (STH)","42 - Loire",142003511,3586682,39.6
"Fourrages annuels, prairies non permanentes et STH","Prairies non permanentes et STH","Superficie toujours en herbe (STH)","Superficie toujours en herbe (STH)","Superficie toujours en herbe (STH)","43 - Haute-Loire",115220351,3087158,37.3
"Fourrages annuels, prairies non permanentes et STH","Prairies non permanentes et STH","Superficie toujours en herbe (STH)","Superficie toujours en herbe (STH)","Superficie toujours en herbe (STH)","63 - Puy-de-Dôme",204131740,5220804,39.1
"Fourrages annuels, prairies non permanentes et STH","Prairies non permanentes et STH","Superficie toujours en herbe (STH)","Superficie toujours en herbe (STH)","Superficie toujours en herbe (STH)","69 - Rhône",54660883,1438485,38
"Fourrages annuels, prairies non permanentes et STH","Prairies non permanentes et STH","Superficie toujours en herbe (STH)","Superficie toujours en herbe (STH)","Superficie toujours en herbe (STH)","73 - Savoie",64338315,2460959,26.1
"Fourrages annuels, prairies non permanentes et STH","Prairies non permanentes et STH","Superficie toujours en herbe (STH)","Superficie toujours en herbe (STH)","Superficie toujours en herbe (STH)","74 - Haute-Savoie",86401195,2014009,42.9
"Fourrages annuels, prairies non permanentes et STH","Prairies non permanentes et STH","Superficie toujours en herbe (STH)","Superficie toujours en herbe (STH)","Superficie toujours en herbe (STH)","04 - Alpes-de-Haute-Provence",22324554,2808963,7.9
"Fourrages annuels, prairies non permanentes et STH","Prairies non permanentes et STH","Superficie toujours en herbe (STH)","Superficie toujours en herbe (STH)","Superficie toujours en herbe (STH)","05 - Hautes-Alpes",35212164,3846783,9.2
"Fourrages annuels, prairies non permanentes et STH","Prairies non permanentes et STH","Superficie toujours en herbe (STH)","Superficie toujours en herbe (STH)","Superficie toujours en herbe (STH)","06 - Alpes-Maritimes",11390584,1285938,8.9
"Fourrages annuels, prairies non permanentes et STH","Prairies non permanentes et STH","Superficie toujours en herbe (STH)","Superficie toujours en herbe (STH)","Superficie toujours en herbe (STH)","13 - Bouches-du-Rhône",24039851,1562659,15.4
"Fourrages annuels, prairies non permanentes et STH","Prairies non permanentes et STH","Superficie toujours en herbe (STH)","Superficie toujours en herbe (STH)","Superficie toujours en herbe (STH)","83 - Var",5490212,614891,8.9
"Fourrages annuels, prairies non permanentes et STH","Prairies non permanentes et STH","Superficie toujours en herbe (STH)","Superficie toujours en herbe (STH)","Superficie toujours en herbe (STH)","84 - Vaucluse",4901127,300039,16.3
"Fourrages annuels, prairies non permanentes et STH","Prairies non permanentes et STH","Superficie toujours en herbe (STH)","Superficie toujours en herbe (STH)","Superficie toujours en herbe (STH)","2A - Corse-du-Sud",22402966,2508576,9.7
"Fourrages annuels, prairies non permanentes et STH","Prairies non permanentes et STH","Superficie toujours en herbe (STH)","Superficie toujours en herbe (STH)","Superficie toujours en herbe (STH)","2B - Haute-Corse",28548702,3261406,8.8
"Fourrages annuels, prairies non permanentes et STH","Prairies non permanentes et STH","Superficie toujours en herbe (STH)","Prairies naturelles ou semées depuis plus de 6 ans","Prairies naturelles ou semées depuis plus de 6 ans","971 - Guadeloupe",13925849,316738,61
"Fourrages annuels, prairies non permanentes et STH","Prairies non permanentes et STH","Superficie toujours en herbe (STH)","Prairies naturelles ou semées depuis plus de 6 ans","Prairies naturelles ou semées depuis plus de 6 ans","972 - Martinique",6198930,253155,40.3
"Fourrages annuels, prairies non permanentes et STH","Prairies non permanentes et STH","Superficie toujours en herbe (STH)","Prairies naturelles ou semées depuis plus de 6 ans","Prairies naturelles ou semées depuis plus de 6 ans","973 - Guyane",5124600,98100,52.2
"Fourrages annuels, prairies non permanentes et STH","Prairies non permanentes et STH","Superficie toujours en herbe (STH)","Prairies naturelles ou semées depuis plus de 6 ans","Prairies naturelles ou semées depuis plus de 6 ans","974 - La Réunion",7722715,173038,65
"Fourrages annuels, prairies non permanentes et STH","Prairies non permanentes et STH","Superficie toujours en herbe (STH)","Prairies naturelles ou semées depuis plus de 6 ans","Prairies naturelles ou semées depuis plus de 6 ans","976 - Mayotte",0,0,NA
"Fourrages annuels, prairies non permanentes et STH","Prairies non permanentes et STH","Superficie toujours en herbe (STH)","Prairies naturelles ou semées depuis plus de 6 ans","Prairies naturelles ou semées depuis plus de 6 ans","77 - Seine-et-Marne",21920842,374526,58.5
"Fourrages annuels, prairies non permanentes et STH","Prairies non permanentes et STH","Superficie toujours en herbe (STH)","Prairies naturelles ou semées depuis plus de 6 ans","Prairies naturelles ou semées depuis plus de 6 ans","78 - Yvelines",11464106,215018,53.3
"Fourrages annuels, prairies non permanentes et STH","Prairies non permanentes et STH","Superficie toujours en herbe (STH)","Prairies naturelles ou semées depuis plus de 6 ans","Prairies naturelles ou semées depuis plus de 6 ans","91 - Essonne",2396499,44466,53.9
"Fourrages annuels, prairies non permanentes et STH","Prairies non permanentes et STH","Superficie toujours en herbe (STH)","Prairies naturelles ou semées depuis plus de 6 ans","Prairies naturelles ou semées depuis plus de 6 ans","92 - Hauts-de-Seine",2290,88,26
"Fourrages annuels, prairies non permanentes et STH","Prairies non permanentes et STH","Superficie toujours en herbe (STH)","Prairies naturelles ou semées depuis plus de 6 ans","Prairies naturelles ou semées depuis plus de 6 ans","93 - Seine-Saint-Denis",0,0,NA
"Fourrages annuels, prairies non permanentes et STH","Prairies non permanentes et STH","Superficie toujours en herbe (STH)","Prairies naturelles ou semées depuis plus de 6 ans","Prairies naturelles ou semées depuis plus de 6 ans","94 - Val-de-Marne",15690,659,23.8
"Fourrages annuels, prairies non permanentes et STH","Prairies non permanentes et STH","Superficie toujours en herbe (STH)","Prairies naturelles ou semées depuis plus de 6 ans","Prairies naturelles ou semées depuis plus de 6 ans","95 - Val-d'Oise",5054250,77695,65.1
"Fourrages annuels, prairies non permanentes et STH","Prairies non permanentes et STH","Superficie toujours en herbe (STH)","Prairies naturelles ou semées depuis plus de 6 ans","Prairies naturelles ou semées depuis plus de 6 ans","18 - Cher",96410214,2244927,42.9
"Fourrages annuels, prairies non permanentes et STH","Prairies non permanentes et STH","Superficie toujours en herbe (STH)","Prairies naturelles ou semées depuis plus de 6 ans","Prairies naturelles ou semées depuis plus de 6 ans","28 - Eure-et-Loir",16857558,369939,45.6
"Fourrages annuels, prairies non permanentes et STH","Prairies non permanentes et STH","Superficie toujours en herbe (STH)","Prairies naturelles ou semées depuis plus de 6 ans","Prairies naturelles ou semées depuis plus de 6 ans","36 - Indre",107131434,2276221,47.1
"Fourrages annuels, prairies non permanentes et STH","Prairies non permanentes et STH","Superficie toujours en herbe (STH)","Prairies naturelles ou semées depuis plus de 6 ans","Prairies naturelles ou semées depuis plus de 6 ans","37 - Indre-et-Loire",33060609,744635,44.4
"Fourrages annuels, prairies non permanentes et STH","Prairies non permanentes et STH","Superficie toujours en herbe (STH)","Prairies naturelles ou semées depuis plus de 6 ans","Prairies naturelles ou semées depuis plus de 6 ans","41 - Loir-et-Cher",21450179,491206,43.7
"Fourrages annuels, prairies non permanentes et STH","Prairies non permanentes et STH","Superficie toujours en herbe (STH)","Prairies naturelles ou semées depuis plus de 6 ans","Prairies naturelles ou semées depuis plus de 6 ans","45 - Loiret",9798475,239871,40.8
"Fourrages annuels, prairies non permanentes et STH","Prairies non permanentes et STH","Superficie toujours en herbe (STH)","Prairies naturelles ou semées depuis plus de 6 ans","Prairies naturelles ou semées depuis plus de 6 ans","21 - Côte-d'Or",137688599,2980575,46.2
"Fourrages annuels, prairies non permanentes et STH","Prairies non permanentes et STH","Superficie toujours en herbe (STH)","Prairies naturelles ou semées depuis plus de 6 ans","Prairies naturelles ou semées depuis plus de 6 ans","25 - Doubs",167987926,3278707,51.2
"Fourrages annuels, prairies non permanentes et STH","Prairies non permanentes et STH","Superficie toujours en herbe (STH)","Prairies naturelles ou semées depuis plus de 6 ans","Prairies naturelles ou semées depuis plus de 6 ans","39 - Jura",94640224,2038163,46.4
"Fourrages annuels, prairies non permanentes et STH","Prairies non permanentes et STH","Superficie toujours en herbe (STH)","Prairies naturelles ou semées depuis plus de 6 ans","Prairies naturelles ou semées depuis plus de 6 ans","58 - Nièvre",210698425,4407861,47.8
"Fourrages annuels, prairies non permanentes et STH","Prairies non permanentes et STH","Superficie toujours en herbe (STH)","Prairies naturelles ou semées depuis plus de 6 ans","Prairies naturelles ou semées depuis plus de 6 ans","70 - Haute-Saône",123256721,2320116,53.1
"Fourrages annuels, prairies non permanentes et STH","Prairies non permanentes et STH","Superficie toujours en herbe (STH)","Prairies naturelles ou semées depuis plus de 6 ans","Prairies naturelles ou semées depuis plus de 6 ans","71 - Saône-et-Loire",396907451,7401778,53.6
"Fourrages annuels, prairies non permanentes et STH","Prairies non permanentes et STH","Superficie toujours en herbe (STH)","Prairies naturelles ou semées depuis plus de 6 ans","Prairies naturelles ou semées depuis plus de 6 ans","89 - Yonne",60118260,1356432,44.3
"Fourrages annuels, prairies non permanentes et STH","Prairies non permanentes et STH","Superficie toujours en herbe (STH)","Prairies naturelles ou semées depuis plus de 6 ans","Prairies naturelles ou semées depuis plus de 6 ans","90 - Territoire-de-Belfort",12423747,217140,57.2
"Fourrages annuels, prairies non permanentes et STH","Prairies non permanentes et STH","Superficie toujours en herbe (STH)","Prairies naturelles ou semées depuis plus de 6 ans","Prairies naturelles ou semées depuis plus de 6 ans","14 - Calvados",241298693,4003729,60.3
"Fourrages annuels, prairies non permanentes et STH","Prairies non permanentes et STH","Superficie toujours en herbe (STH)","Prairies naturelles ou semées depuis plus de 6 ans","Prairies naturelles ou semées depuis plus de 6 ans","27 - Eure",94948426,1697950,55.9
"Fourrages annuels, prairies non permanentes et STH","Prairies non permanentes et STH","Superficie toujours en herbe (STH)","Prairies naturelles ou semées depuis plus de 6 ans","Prairies naturelles ou semées depuis plus de 6 ans","50 - Manche",406244499,4860805,83.6
"Fourrages annuels, prairies non permanentes et STH","Prairies non permanentes et STH","Superficie toujours en herbe (STH)","Prairies naturelles ou semées depuis plus de 6 ans","Prairies naturelles ou semées depuis plus de 6 ans","61 - Orne",211985836,4033649,52.6
"Fourrages annuels, prairies non permanentes et STH","Prairies non permanentes et STH","Superficie toujours en herbe (STH)","Prairies naturelles ou semées depuis plus de 6 ans","Prairies naturelles ou semées depuis plus de 6 ans","76 - Seine-Maritime",197305433,2664116,74.1
"Fourrages annuels, prairies non permanentes et STH","Prairies non permanentes et STH","Superficie toujours en herbe (STH)","Prairies naturelles ou semées depuis plus de 6 ans","Prairies naturelles ou semées depuis plus de 6 ans","02 - Aisne",111269180,1607970,69.2
"Fourrages annuels, prairies non permanentes et STH","Prairies non permanentes et STH","Superficie toujours en herbe (STH)","Prairies naturelles ou semées depuis plus de 6 ans","Prairies naturelles ou semées depuis plus de 6 ans","59 - Nord",127564386,1886790,67.6
"Fourrages annuels, prairies non permanentes et STH","Prairies non permanentes et STH","Superficie toujours en herbe (STH)","Prairies naturelles ou semées depuis plus de 6 ans","Prairies naturelles ou semées depuis plus de 6 ans","60 - Oise",55545652,851558,65.2
"Fourrages annuels, prairies non permanentes et STH","Prairies non permanentes et STH","Superficie toujours en herbe (STH)","Prairies naturelles ou semées depuis plus de 6 ans","Prairies naturelles ou semées depuis plus de 6 ans","62 - Pas-de-Calais",105324133,1676298,62.8
"Fourrages annuels, prairies non permanentes et STH","Prairies non permanentes et STH","Superficie toujours en herbe (STH)","Prairies naturelles ou semées depuis plus de 6 ans","Prairies naturelles ou semées depuis plus de 6 ans","80 - Somme",65598556,977731,67.1
"Fourrages annuels, prairies non permanentes et STH","Prairies non permanentes et STH","Superficie toujours en herbe (STH)","Prairies naturelles ou semées depuis plus de 6 ans","Prairies naturelles ou semées depuis plus de 6 ans","08 - Ardennes",164027605,2737744,59.9
"Fourrages annuels, prairies non permanentes et STH","Prairies non permanentes et STH","Superficie toujours en herbe (STH)","Prairies naturelles ou semées depuis plus de 6 ans","Prairies naturelles ou semées depuis plus de 6 ans","10 - Aube",28209646,514261,54.9
"Fourrages annuels, prairies non permanentes et STH","Prairies non permanentes et STH","Superficie toujours en herbe (STH)","Prairies naturelles ou semées depuis plus de 6 ans","Prairies naturelles ou semées depuis plus de 6 ans","51 - Marne",27982142,518494,54
"Fourrages annuels, prairies non permanentes et STH","Prairies non permanentes et STH","Superficie toujours en herbe (STH)","Prairies naturelles ou semées depuis plus de 6 ans","Prairies naturelles ou semées depuis plus de 6 ans","52 - Haute-Marne",111963425,2114281,53
"Fourrages annuels, prairies non permanentes et STH","Prairies non permanentes et STH","Superficie toujours en herbe (STH)","Prairies naturelles ou semées depuis plus de 6 ans","Prairies naturelles ou semées depuis plus de 6 ans","54 - Meurthe-et-Moselle",122037939,2037913,59.9
"Fourrages annuels, prairies non permanentes et STH","Prairies non permanentes et STH","Superficie toujours en herbe (STH)","Prairies naturelles ou semées depuis plus de 6 ans","Prairies naturelles ou semées depuis plus de 6 ans","55 - Meuse",140319181,2178630,64.4
"Fourrages annuels, prairies non permanentes et STH","Prairies non permanentes et STH","Superficie toujours en herbe (STH)","Prairies naturelles ou semées depuis plus de 6 ans","Prairies naturelles ou semées depuis plus de 6 ans","57 - Moselle",156480768,2604446,60.1
"Fourrages annuels, prairies non permanentes et STH","Prairies non permanentes et STH","Superficie toujours en herbe (STH)","Prairies naturelles ou semées depuis plus de 6 ans","Prairies naturelles ou semées depuis plus de 6 ans","67 - Bas-Rhin",55589921,1050634,52.9
"Fourrages annuels, prairies non permanentes et STH","Prairies non permanentes et STH","Superficie toujours en herbe (STH)","Prairies naturelles ou semées depuis plus de 6 ans","Prairies naturelles ou semées depuis plus de 6 ans","68 - Haut-Rhin",26135396,480188,54.4
"Fourrages annuels, prairies non permanentes et STH","Prairies non permanentes et STH","Superficie toujours en herbe (STH)","Prairies naturelles ou semées depuis plus de 6 ans","Prairies naturelles ou semées depuis plus de 6 ans","88 - Vosges",166043807,2793688,59.4
"Fourrages annuels, prairies non permanentes et STH","Prairies non permanentes et STH","Superficie toujours en herbe (STH)","Prairies naturelles ou semées depuis plus de 6 ans","Prairies naturelles ou semées depuis plus de 6 ans","44 - Loire-Atlantique",77381159,1645037,47
"Fourrages annuels, prairies non permanentes et STH","Prairies non permanentes et STH","Superficie toujours en herbe (STH)","Prairies naturelles ou semées depuis plus de 6 ans","Prairies naturelles ou semées depuis plus de 6 ans","49 - Maine-et-Loire",101541186,1800518,56.4
"Fourrages annuels, prairies non permanentes et STH","Prairies non permanentes et STH","Superficie toujours en herbe (STH)","Prairies naturelles ou semées depuis plus de 6 ans","Prairies naturelles ou semées depuis plus de 6 ans","53 - Mayenne",126315367,1891197,66.8
"Fourrages annuels, prairies non permanentes et STH","Prairies non permanentes et STH","Superficie toujours en herbe (STH)","Prairies naturelles ou semées depuis plus de 6 ans","Prairies naturelles ou semées depuis plus de 6 ans","72 - Sarthe",111869637,2190648,51.1
"Fourrages annuels, prairies non permanentes et STH","Prairies non permanentes et STH","Superficie toujours en herbe (STH)","Prairies naturelles ou semées depuis plus de 6 ans","Prairies naturelles ou semées depuis plus de 6 ans","85 - Vendée",117747553,1897559,62.1
"Fourrages annuels, prairies non permanentes et STH","Prairies non permanentes et STH","Superficie toujours en herbe (STH)","Prairies naturelles ou semées depuis plus de 6 ans","Prairies naturelles ou semées depuis plus de 6 ans","22 - Côtes-d'Armor",40369284,809922,49.8
"Fourrages annuels, prairies non permanentes et STH","Prairies non permanentes et STH","Superficie toujours en herbe (STH)","Prairies naturelles ou semées depuis plus de 6 ans","Prairies naturelles ou semées depuis plus de 6 ans","29 - Finistère",43949532,872978,50.3
"Fourrages annuels, prairies non permanentes et STH","Prairies non permanentes et STH","Superficie toujours en herbe (STH)","Prairies naturelles ou semées depuis plus de 6 ans","Prairies naturelles ou semées depuis plus de 6 ans","35 - Ille-et-Vilaine",56518674,1146663,49.3
"Fourrages annuels, prairies non permanentes et STH","Prairies non permanentes et STH","Superficie toujours en herbe (STH)","Prairies naturelles ou semées depuis plus de 6 ans","Prairies naturelles ou semées depuis plus de 6 ans","56 - Morbihan",42574507,917707,46.4
"Fourrages annuels, prairies non permanentes et STH","Prairies non permanentes et STH","Superficie toujours en herbe (STH)","Prairies naturelles ou semées depuis plus de 6 ans","Prairies naturelles ou semées depuis plus de 6 ans","16 - Charente",65301364,951780,68.6
"Fourrages annuels, prairies non permanentes et STH","Prairies non permanentes et STH","Superficie toujours en herbe (STH)","Prairies naturelles ou semées depuis plus de 6 ans","Prairies naturelles ou semées depuis plus de 6 ans","17 - Charente-Maritime",37487066,821514,45.6
"Fourrages annuels, prairies non permanentes et STH","Prairies non permanentes et STH","Superficie toujours en herbe (STH)","Prairies naturelles ou semées depuis plus de 6 ans","Prairies naturelles ou semées depuis plus de 6 ans","19 - Corrèze",158734447,3169617,50.1
"Fourrages annuels, prairies non permanentes et STH","Prairies non permanentes et STH","Superficie toujours en herbe (STH)","Prairies naturelles ou semées depuis plus de 6 ans","Prairies naturelles ou semées depuis plus de 6 ans","23 - Creuse",223132752,4175545,53.4
"Fourrages annuels, prairies non permanentes et STH","Prairies non permanentes et STH","Superficie toujours en herbe (STH)","Prairies naturelles ou semées depuis plus de 6 ans","Prairies naturelles ou semées depuis plus de 6 ans","24 - Dordogne",139698474,3263568,42.8
"Fourrages annuels, prairies non permanentes et STH","Prairies non permanentes et STH","Superficie toujours en herbe (STH)","Prairies naturelles ou semées depuis plus de 6 ans","Prairies naturelles ou semées depuis plus de 6 ans","33 - Gironde",49341140,1087786,45.4
"Fourrages annuels, prairies non permanentes et STH","Prairies non permanentes et STH","Superficie toujours en herbe (STH)","Prairies naturelles ou semées depuis plus de 6 ans","Prairies naturelles ou semées depuis plus de 6 ans","40 - Landes",10822157,204158,53
"Fourrages annuels, prairies non permanentes et STH","Prairies non permanentes et STH","Superficie toujours en herbe (STH)","Prairies naturelles ou semées depuis plus de 6 ans","Prairies naturelles ou semées depuis plus de 6 ans","47 - Lot-et-Garonne",25733857,611481,42.1
"Fourrages annuels, prairies non permanentes et STH","Prairies non permanentes et STH","Superficie toujours en herbe (STH)","Prairies naturelles ou semées depuis plus de 6 ans","Prairies naturelles ou semées depuis plus de 6 ans","64 - Pyrénées-Atlantiques",136575537,2359422,57.9
"Fourrages annuels, prairies non permanentes et STH","Prairies non permanentes et STH","Superficie toujours en herbe (STH)","Prairies naturelles ou semées depuis plus de 6 ans","Prairies naturelles ou semées depuis plus de 6 ans","79 - Deux-Sèvres",77761255,1514104,51.4
"Fourrages annuels, prairies non permanentes et STH","Prairies non permanentes et STH","Superficie toujours en herbe (STH)","Prairies naturelles ou semées depuis plus de 6 ans","Prairies naturelles ou semées depuis plus de 6 ans","86 - Vienne",43053008,750946,57.3
"Fourrages annuels, prairies non permanentes et STH","Prairies non permanentes et STH","Superficie toujours en herbe (STH)","Prairies naturelles ou semées depuis plus de 6 ans","Prairies naturelles ou semées depuis plus de 6 ans","87 - Haute-Vienne",185221487,3096969,59.8
"Fourrages annuels, prairies non permanentes et STH","Prairies non permanentes et STH","Superficie toujours en herbe (STH)","Prairies naturelles ou semées depuis plus de 6 ans","Prairies naturelles ou semées depuis plus de 6 ans","09 - Ariège",53563069,1168137,45.9
"Fourrages annuels, prairies non permanentes et STH","Prairies non permanentes et STH","Superficie toujours en herbe (STH)","Prairies naturelles ou semées depuis plus de 6 ans","Prairies naturelles ou semées depuis plus de 6 ans","11 - Aude",6177232,347063,17.8
"Fourrages annuels, prairies non permanentes et STH","Prairies non permanentes et STH","Superficie toujours en herbe (STH)","Prairies naturelles ou semées depuis plus de 6 ans","Prairies naturelles ou semées depuis plus de 6 ans","12 - Aveyron",186026534,3472216,53.6
"Fourrages annuels, prairies non permanentes et STH","Prairies non permanentes et STH","Superficie toujours en herbe (STH)","Prairies naturelles ou semées depuis plus de 6 ans","Prairies naturelles ou semées depuis plus de 6 ans","30 - Gard",4299919,188751,22.8
"Fourrages annuels, prairies non permanentes et STH","Prairies non permanentes et STH","Superficie toujours en herbe (STH)","Prairies naturelles ou semées depuis plus de 6 ans","Prairies naturelles ou semées depuis plus de 6 ans","31 - Haute-Garonne",47169488,1012024,46.6
"Fourrages annuels, prairies non permanentes et STH","Prairies non permanentes et STH","Superficie toujours en herbe (STH)","Prairies naturelles ou semées depuis plus de 6 ans","Prairies naturelles ou semées depuis plus de 6 ans","32 - Gers",20281804,547217,37.1
"Fourrages annuels, prairies non permanentes et STH","Prairies non permanentes et STH","Superficie toujours en herbe (STH)","Prairies naturelles ou semées depuis plus de 6 ans","Prairies naturelles ou semées depuis plus de 6 ans","34 - Hérault",3427431,170524,20.1
"Fourrages annuels, prairies non permanentes et STH","Prairies non permanentes et STH","Superficie toujours en herbe (STH)","Prairies naturelles ou semées depuis plus de 6 ans","Prairies naturelles ou semées depuis plus de 6 ans","46 - Lot",53195247,1319645,40.3
"Fourrages annuels, prairies non permanentes et STH","Prairies non permanentes et STH","Superficie toujours en herbe (STH)","Prairies naturelles ou semées depuis plus de 6 ans","Prairies naturelles ou semées depuis plus de 6 ans","48 - Lozère",33035565,1079223,30.6
"Fourrages annuels, prairies non permanentes et STH","Prairies non permanentes et STH","Superficie toujours en herbe (STH)","Prairies naturelles ou semées depuis plus de 6 ans","Prairies naturelles ou semées depuis plus de 6 ans","65 - Hautes-Pyrénées",42037391,874831,48.1
"Fourrages annuels, prairies non permanentes et STH","Prairies non permanentes et STH","Superficie toujours en herbe (STH)","Prairies naturelles ou semées depuis plus de 6 ans","Prairies naturelles ou semées depuis plus de 6 ans","66 - Pyrénées-Orientales",4992944,156647,31.9
"Fourrages annuels, prairies non permanentes et STH","Prairies non permanentes et STH","Superficie toujours en herbe (STH)","Prairies naturelles ou semées depuis plus de 6 ans","Prairies naturelles ou semées depuis plus de 6 ans","81 - Tarn",59940340,1257740,47.7
"Fourrages annuels, prairies non permanentes et STH","Prairies non permanentes et STH","Superficie toujours en herbe (STH)","Prairies naturelles ou semées depuis plus de 6 ans","Prairies naturelles ou semées depuis plus de 6 ans","82 - Tarn-et-Garonne",17136297,452980,37.8
"Fourrages annuels, prairies non permanentes et STH","Prairies non permanentes et STH","Superficie toujours en herbe (STH)","Prairies naturelles ou semées depuis plus de 6 ans","Prairies naturelles ou semées depuis plus de 6 ans","01 - Ain",104421269,1995277,52.3
"Fourrages annuels, prairies non permanentes et STH","Prairies non permanentes et STH","Superficie toujours en herbe (STH)","Prairies naturelles ou semées depuis plus de 6 ans","Prairies naturelles ou semées depuis plus de 6 ans","03 - Allier",185037813,5144423,36
"Fourrages annuels, prairies non permanentes et STH","Prairies non permanentes et STH","Superficie toujours en herbe (STH)","Prairies naturelles ou semées depuis plus de 6 ans","Prairies naturelles ou semées depuis plus de 6 ans","07 - Ardèche",37489901,1009111,37.2
"Fourrages annuels, prairies non permanentes et STH","Prairies non permanentes et STH","Superficie toujours en herbe (STH)","Prairies naturelles ou semées depuis plus de 6 ans","Prairies naturelles ou semées depuis plus de 6 ans","15 - Cantal",233995575,5158485,45.4
"Fourrages annuels, prairies non permanentes et STH","Prairies non permanentes et STH","Superficie toujours en herbe (STH)","Prairies naturelles ou semées depuis plus de 6 ans","Prairies naturelles ou semées depuis plus de 6 ans","26 - Drôme",13374572,328906,40.7
"Fourrages annuels, prairies non permanentes et STH","Prairies non permanentes et STH","Superficie toujours en herbe (STH)","Prairies naturelles ou semées depuis plus de 6 ans","Prairies naturelles ou semées depuis plus de 6 ans","38 - Isère",83638606,1994123,41.9
"Fourrages annuels, prairies non permanentes et STH","Prairies non permanentes et STH","Superficie toujours en herbe (STH)","Prairies naturelles ou semées depuis plus de 6 ans","Prairies naturelles ou semées depuis plus de 6 ans","42 - Loire",137927569,3303435,41.8
"Fourrages annuels, prairies non permanentes et STH","Prairies non permanentes et STH","Superficie toujours en herbe (STH)","Prairies naturelles ou semées depuis plus de 6 ans","Prairies naturelles ou semées depuis plus de 6 ans","43 - Haute-Loire",107177949,2692940,39.8
"Fourrages annuels, prairies non permanentes et STH","Prairies non permanentes et STH","Superficie toujours en herbe (STH)","Prairies naturelles ou semées depuis plus de 6 ans","Prairies naturelles ou semées depuis plus de 6 ans","63 - Puy-de-Dôme",198315800,4958911,40
"Fourrages annuels, prairies non permanentes et STH","Prairies non permanentes et STH","Superficie toujours en herbe (STH)","Prairies naturelles ou semées depuis plus de 6 ans","Prairies naturelles ou semées depuis plus de 6 ans","69 - Rhône",53052013,1322050,40.1
"Fourrages annuels, prairies non permanentes et STH","Prairies non permanentes et STH","Superficie toujours en herbe (STH)","Prairies naturelles ou semées depuis plus de 6 ans","Prairies naturelles ou semées depuis plus de 6 ans","73 - Savoie",44173556,914674,48.3
"Fourrages annuels, prairies non permanentes et STH","Prairies non permanentes et STH","Superficie toujours en herbe (STH)","Prairies naturelles ou semées depuis plus de 6 ans","Prairies naturelles ou semées depuis plus de 6 ans","74 - Haute-Savoie",73763153,1319901,55.9
"Fourrages annuels, prairies non permanentes et STH","Prairies non permanentes et STH","Superficie toujours en herbe (STH)","Prairies naturelles ou semées depuis plus de 6 ans","Prairies naturelles ou semées depuis plus de 6 ans","04 - Alpes-de-Haute-Provence",9492397,247963,38.3
"Fourrages annuels, prairies non permanentes et STH","Prairies non permanentes et STH","Superficie toujours en herbe (STH)","Prairies naturelles ou semées depuis plus de 6 ans","Prairies naturelles ou semées depuis plus de 6 ans","05 - Hautes-Alpes",16315266,435611,37.5
"Fourrages annuels, prairies non permanentes et STH","Prairies non permanentes et STH","Superficie toujours en herbe (STH)","Prairies naturelles ou semées depuis plus de 6 ans","Prairies naturelles ou semées depuis plus de 6 ans","06 - Alpes-Maritimes",2365133,106538,22.2
"Fourrages annuels, prairies non permanentes et STH","Prairies non permanentes et STH","Superficie toujours en herbe (STH)","Prairies naturelles ou semées depuis plus de 6 ans","Prairies naturelles ou semées depuis plus de 6 ans","13 - Bouches-du-Rhône",15208765,255158,59.6
"Fourrages annuels, prairies non permanentes et STH","Prairies non permanentes et STH","Superficie toujours en herbe (STH)","Prairies naturelles ou semées depuis plus de 6 ans","Prairies naturelles ou semées depuis plus de 6 ans","83 - Var",1509207,68277,22.1
"Fourrages annuels, prairies non permanentes et STH","Prairies non permanentes et STH","Superficie toujours en herbe (STH)","Prairies naturelles ou semées depuis plus de 6 ans","Prairies naturelles ou semées depuis plus de 6 ans","84 - Vaucluse",4097878,88988,46
"Fourrages annuels, prairies non permanentes et STH","Prairies non permanentes et STH","Superficie toujours en herbe (STH)","Prairies naturelles ou semées depuis plus de 6 ans","Prairies naturelles ou semées depuis plus de 6 ans","2A - Corse-du-Sud",9663133,316743,30.5
"Fourrages annuels, prairies non permanentes et STH","Prairies non permanentes et STH","Superficie toujours en herbe (STH)","Prairies naturelles ou semées depuis plus de 6 ans","Prairies naturelles ou semées depuis plus de 6 ans","2B - Haute-Corse",11451029,391117,29.3
"Fourrages annuels, prairies non permanentes et STH","Prairies non permanentes et STH","Superficie toujours en herbe (STH)","STH (Superficies toujours en herbe) peu productives (pâturages pauvres)","STH (Superficies toujours en herbe) peu productives (pâturages pauvres)","971 - Guadeloupe",4117181,263153,22
"Fourrages annuels, prairies non permanentes et STH","Prairies non permanentes et STH","Superficie toujours en herbe (STH)","STH (Superficies toujours en herbe) peu productives (pâturages pauvres)","STH (Superficies toujours en herbe) peu productives (pâturages pauvres)","972 - Martinique",688272,66149,20.5
"Fourrages annuels, prairies non permanentes et STH","Prairies non permanentes et STH","Superficie toujours en herbe (STH)","STH (Superficies toujours en herbe) peu productives (pâturages pauvres)","STH (Superficies toujours en herbe) peu productives (pâturages pauvres)","973 - Guyane",719100,28900,24.9
"Fourrages annuels, prairies non permanentes et STH","Prairies non permanentes et STH","Superficie toujours en herbe (STH)","STH (Superficies toujours en herbe) peu productives (pâturages pauvres)","STH (Superficies toujours en herbe) peu productives (pâturages pauvres)","974 - La Réunion",943220,41646,33.3
"Fourrages annuels, prairies non permanentes et STH","Prairies non permanentes et STH","Superficie toujours en herbe (STH)","STH (Superficies toujours en herbe) peu productives (pâturages pauvres)","STH (Superficies toujours en herbe) peu productives (pâturages pauvres)","976 - Mayotte",2625,105,25
"Fourrages annuels, prairies non permanentes et STH","Prairies non permanentes et STH","Superficie toujours en herbe (STH)","STH (Superficies toujours en herbe) peu productives (pâturages pauvres)","STH (Superficies toujours en herbe) peu productives (pâturages pauvres)","77 - Seine-et-Marne",112899,11837,9.5
"Fourrages annuels, prairies non permanentes et STH","Prairies non permanentes et STH","Superficie toujours en herbe (STH)","STH (Superficies toujours en herbe) peu productives (pâturages pauvres)","STH (Superficies toujours en herbe) peu productives (pâturages pauvres)","78 - Yvelines",179999,18303,9.8
"Fourrages annuels, prairies non permanentes et STH","Prairies non permanentes et STH","Superficie toujours en herbe (STH)","STH (Superficies toujours en herbe) peu productives (pâturages pauvres)","STH (Superficies toujours en herbe) peu productives (pâturages pauvres)","91 - Essonne",42848,4136,10.4
"Fourrages annuels, prairies non permanentes et STH","Prairies non permanentes et STH","Superficie toujours en herbe (STH)","STH (Superficies toujours en herbe) peu productives (pâturages pauvres)","STH (Superficies toujours en herbe) peu productives (pâturages pauvres)","92 - Hauts-de-Seine",371,38,9.8
"Fourrages annuels, prairies non permanentes et STH","Prairies non permanentes et STH","Superficie toujours en herbe (STH)","STH (Superficies toujours en herbe) peu productives (pâturages pauvres)","STH (Superficies toujours en herbe) peu productives (pâturages pauvres)","93 - Seine-Saint-Denis",2268,682,3.3
"Fourrages annuels, prairies non permanentes et STH","Prairies non permanentes et STH","Superficie toujours en herbe (STH)","STH (Superficies toujours en herbe) peu productives (pâturages pauvres)","STH (Superficies toujours en herbe) peu productives (pâturages pauvres)","94 - Val-de-Marne",0,0,NA
"Fourrages annuels, prairies non permanentes et STH","Prairies non permanentes et STH","Superficie toujours en herbe (STH)","STH (Superficies toujours en herbe) peu productives (pâturages pauvres)","STH (Superficies toujours en herbe) peu productives (pâturages pauvres)","95 - Val-d'Oise",52125,5980,8.7
"Fourrages annuels, prairies non permanentes et STH","Prairies non permanentes et STH","Superficie toujours en herbe (STH)","STH (Superficies toujours en herbe) peu productives (pâturages pauvres)","STH (Superficies toujours en herbe) peu productives (pâturages pauvres)","18 - Cher",1186080,59838,19.8
"Fourrages annuels, prairies non permanentes et STH","Prairies non permanentes et STH","Superficie toujours en herbe (STH)","STH (Superficies toujours en herbe) peu productives (pâturages pauvres)","STH (Superficies toujours en herbe) peu productives (pâturages pauvres)","28 - Eure-et-Loir",2119476,82790,25.6
"Fourrages annuels, prairies non permanentes et STH","Prairies non permanentes et STH","Superficie toujours en herbe (STH)","STH (Superficies toujours en herbe) peu productives (pâturages pauvres)","STH (Superficies toujours en herbe) peu productives (pâturages pauvres)","36 - Indre",7759639,363127,21.4
"Fourrages annuels, prairies non permanentes et STH","Prairies non permanentes et STH","Superficie toujours en herbe (STH)","STH (Superficies toujours en herbe) peu productives (pâturages pauvres)","STH (Superficies toujours en herbe) peu productives (pâturages pauvres)","37 - Indre-et-Loire",2877657,99710,28.9
"Fourrages annuels, prairies non permanentes et STH","Prairies non permanentes et STH","Superficie toujours en herbe (STH)","STH (Superficies toujours en herbe) peu productives (pâturages pauvres)","STH (Superficies toujours en herbe) peu productives (pâturages pauvres)","41 - Loir-et-Cher",1193132,79574,15
"Fourrages annuels, prairies non permanentes et STH","Prairies non permanentes et STH","Superficie toujours en herbe (STH)","STH (Superficies toujours en herbe) peu productives (pâturages pauvres)","STH (Superficies toujours en herbe) peu productives (pâturages pauvres)","45 - Loiret",1319800,72063,18.3
"Fourrages annuels, prairies non permanentes et STH","Prairies non permanentes et STH","Superficie toujours en herbe (STH)","STH (Superficies toujours en herbe) peu productives (pâturages pauvres)","STH (Superficies toujours en herbe) peu productives (pâturages pauvres)","21 - Côte-d'Or",998691,46396,21.5
"Fourrages annuels, prairies non permanentes et STH","Prairies non permanentes et STH","Superficie toujours en herbe (STH)","STH (Superficies toujours en herbe) peu productives (pâturages pauvres)","STH (Superficies toujours en herbe) peu productives (pâturages pauvres)","25 - Doubs",8777037,381009,23
"Fourrages annuels, prairies non permanentes et STH","Prairies non permanentes et STH","Superficie toujours en herbe (STH)","STH (Superficies toujours en herbe) peu productives (pâturages pauvres)","STH (Superficies toujours en herbe) peu productives (pâturages pauvres)","39 - Jura",10918220,476811,22.9
"Fourrages annuels, prairies non permanentes et STH","Prairies non permanentes et STH","Superficie toujours en herbe (STH)","STH (Superficies toujours en herbe) peu productives (pâturages pauvres)","STH (Superficies toujours en herbe) peu productives (pâturages pauvres)","58 - Nièvre",1689978,58640,28.8
"Fourrages annuels, prairies non permanentes et STH","Prairies non permanentes et STH","Superficie toujours en herbe (STH)","STH (Superficies toujours en herbe) peu productives (pâturages pauvres)","STH (Superficies toujours en herbe) peu productives (pâturages pauvres)","70 - Haute-Saône",4610262,195318,23.6
"Fourrages annuels, prairies non permanentes et STH","Prairies non permanentes et STH","Superficie toujours en herbe (STH)","STH (Superficies toujours en herbe) peu productives (pâturages pauvres)","STH (Superficies toujours en herbe) peu productives (pâturages pauvres)","71 - Saône-et-Loire",3765795,166574,22.6
"Fourrages annuels, prairies non permanentes et STH","Prairies non permanentes et STH","Superficie toujours en herbe (STH)","STH (Superficies toujours en herbe) peu productives (pâturages pauvres)","STH (Superficies toujours en herbe) peu productives (pâturages pauvres)","89 - Yonne",478660,17760,27
"Fourrages annuels, prairies non permanentes et STH","Prairies non permanentes et STH","Superficie toujours en herbe (STH)","STH (Superficies toujours en herbe) peu productives (pâturages pauvres)","STH (Superficies toujours en herbe) peu productives (pâturages pauvres)","90 - Territoire-de-Belfort",375958,15601,24.1
"Fourrages annuels, prairies non permanentes et STH","Prairies non permanentes et STH","Superficie toujours en herbe (STH)","STH (Superficies toujours en herbe) peu productives (pâturages pauvres)","STH (Superficies toujours en herbe) peu productives (pâturages pauvres)","14 - Calvados",635949,83732,7.6
"Fourrages annuels, prairies non permanentes et STH","Prairies non permanentes et STH","Superficie toujours en herbe (STH)","STH (Superficies toujours en herbe) peu productives (pâturages pauvres)","STH (Superficies toujours en herbe) peu productives (pâturages pauvres)","27 - Eure",1161466,47169,24.6
"Fourrages annuels, prairies non permanentes et STH","Prairies non permanentes et STH","Superficie toujours en herbe (STH)","STH (Superficies toujours en herbe) peu productives (pâturages pauvres)","STH (Superficies toujours en herbe) peu productives (pâturages pauvres)","50 - Manche",1774560,152398,11.6
"Fourrages annuels, prairies non permanentes et STH","Prairies non permanentes et STH","Superficie toujours en herbe (STH)","STH (Superficies toujours en herbe) peu productives (pâturages pauvres)","STH (Superficies toujours en herbe) peu productives (pâturages pauvres)","61 - Orne",339234,56956,6
"Fourrages annuels, prairies non permanentes et STH","Prairies non permanentes et STH","Superficie toujours en herbe (STH)","STH (Superficies toujours en herbe) peu productives (pâturages pauvres)","STH (Superficies toujours en herbe) peu productives (pâturages pauvres)","76 - Seine-Maritime",2400001,60675,39.6
"Fourrages annuels, prairies non permanentes et STH","Prairies non permanentes et STH","Superficie toujours en herbe (STH)","STH (Superficies toujours en herbe) peu productives (pâturages pauvres)","STH (Superficies toujours en herbe) peu productives (pâturages pauvres)","02 - Aisne",344385,33574,10.3
"Fourrages annuels, prairies non permanentes et STH","Prairies non permanentes et STH","Superficie toujours en herbe (STH)","STH (Superficies toujours en herbe) peu productives (pâturages pauvres)","STH (Superficies toujours en herbe) peu productives (pâturages pauvres)","59 - Nord",745989,28033,26.6
"Fourrages annuels, prairies non permanentes et STH","Prairies non permanentes et STH","Superficie toujours en herbe (STH)","STH (Superficies toujours en herbe) peu productives (pâturages pauvres)","STH (Superficies toujours en herbe) peu productives (pâturages pauvres)","60 - Oise",1039003,43583,23.8
"Fourrages annuels, prairies non permanentes et STH","Prairies non permanentes et STH","Superficie toujours en herbe (STH)","STH (Superficies toujours en herbe) peu productives (pâturages pauvres)","STH (Superficies toujours en herbe) peu productives (pâturages pauvres)","62 - Pas-de-Calais",1030995,40341,25.6
"Fourrages annuels, prairies non permanentes et STH","Prairies non permanentes et STH","Superficie toujours en herbe (STH)","STH (Superficies toujours en herbe) peu productives (pâturages pauvres)","STH (Superficies toujours en herbe) peu productives (pâturages pauvres)","80 - Somme",1039177,65452,15.9
"Fourrages annuels, prairies non permanentes et STH","Prairies non permanentes et STH","Superficie toujours en herbe (STH)","STH (Superficies toujours en herbe) peu productives (pâturages pauvres)","STH (Superficies toujours en herbe) peu productives (pâturages pauvres)","08 - Ardennes",244937,8140,30.1
"Fourrages annuels, prairies non permanentes et STH","Prairies non permanentes et STH","Superficie toujours en herbe (STH)","STH (Superficies toujours en herbe) peu productives (pâturages pauvres)","STH (Superficies toujours en herbe) peu productives (pâturages pauvres)","10 - Aube",310288,7865,39.5
"Fourrages annuels, prairies non permanentes et STH","Prairies non permanentes et STH","Superficie toujours en herbe (STH)","STH (Superficies toujours en herbe) peu productives (pâturages pauvres)","STH (Superficies toujours en herbe) peu productives (pâturages pauvres)","51 - Marne",389776,10023,38.9
"Fourrages annuels, prairies non permanentes et STH","Prairies non permanentes et STH","Superficie toujours en herbe (STH)","STH (Superficies toujours en herbe) peu productives (pâturages pauvres)","STH (Superficies toujours en herbe) peu productives (pâturages pauvres)","52 - Haute-Marne",239492,7173,33.4
"Fourrages annuels, prairies non permanentes et STH","Prairies non permanentes et STH","Superficie toujours en herbe (STH)","STH (Superficies toujours en herbe) peu productives (pâturages pauvres)","STH (Superficies toujours en herbe) peu productives (pâturages pauvres)","54 - Meurthe-et-Moselle",442816,14821,29.9
"Fourrages annuels, prairies non permanentes et STH","Prairies non permanentes et STH","Superficie toujours en herbe (STH)","STH (Superficies toujours en herbe) peu productives (pâturages pauvres)","STH (Superficies toujours en herbe) peu productives (pâturages pauvres)","55 - Meuse",1097923,41250,26.6
"Fourrages annuels, prairies non permanentes et STH","Prairies non permanentes et STH","Superficie toujours en herbe (STH)","STH (Superficies toujours en herbe) peu productives (pâturages pauvres)","STH (Superficies toujours en herbe) peu productives (pâturages pauvres)","57 - Moselle",1279575,53088,24.1
"Fourrages annuels, prairies non permanentes et STH","Prairies non permanentes et STH","Superficie toujours en herbe (STH)","STH (Superficies toujours en herbe) peu productives (pâturages pauvres)","STH (Superficies toujours en herbe) peu productives (pâturages pauvres)","67 - Bas-Rhin",1200327,52773,22.7
"Fourrages annuels, prairies non permanentes et STH","Prairies non permanentes et STH","Superficie toujours en herbe (STH)","STH (Superficies toujours en herbe) peu productives (pâturages pauvres)","STH (Superficies toujours en herbe) peu productives (pâturages pauvres)","68 - Haut-Rhin",3583338,160299,22.4
"Fourrages annuels, prairies non permanentes et STH","Prairies non permanentes et STH","Superficie toujours en herbe (STH)","STH (Superficies toujours en herbe) peu productives (pâturages pauvres)","STH (Superficies toujours en herbe) peu productives (pâturages pauvres)","88 - Vosges",2931753,120192,24.4
"Fourrages annuels, prairies non permanentes et STH","Prairies non permanentes et STH","Superficie toujours en herbe (STH)","STH (Superficies toujours en herbe) peu productives (pâturages pauvres)","STH (Superficies toujours en herbe) peu productives (pâturages pauvres)","44 - Loire-Atlantique",18860639,683128,27.6
"Fourrages annuels, prairies non permanentes et STH","Prairies non permanentes et STH","Superficie toujours en herbe (STH)","STH (Superficies toujours en herbe) peu productives (pâturages pauvres)","STH (Superficies toujours en herbe) peu productives (pâturages pauvres)","49 - Maine-et-Loire",21678945,717411,30.2
"Fourrages annuels, prairies non permanentes et STH","Prairies non permanentes et STH","Superficie toujours en herbe (STH)","STH (Superficies toujours en herbe) peu productives (pâturages pauvres)","STH (Superficies toujours en herbe) peu productives (pâturages pauvres)","53 - Mayenne",3044120,119880,25.4
"Fourrages annuels, prairies non permanentes et STH","Prairies non permanentes et STH","Superficie toujours en herbe (STH)","STH (Superficies toujours en herbe) peu productives (pâturages pauvres)","STH (Superficies toujours en herbe) peu productives (pâturages pauvres)","72 - Sarthe",12570613,575097,21.9
"Fourrages annuels, prairies non permanentes et STH","Prairies non permanentes et STH","Superficie toujours en herbe (STH)","STH (Superficies toujours en herbe) peu productives (pâturages pauvres)","STH (Superficies toujours en herbe) peu productives (pâturages pauvres)","85 - Vendée",6261830,219392,28.5
"Fourrages annuels, prairies non permanentes et STH","Prairies non permanentes et STH","Superficie toujours en herbe (STH)","STH (Superficies toujours en herbe) peu productives (pâturages pauvres)","STH (Superficies toujours en herbe) peu productives (pâturages pauvres)","22 - Côtes-d'Armor",2640489,109499,24.1
"Fourrages annuels, prairies non permanentes et STH","Prairies non permanentes et STH","Superficie toujours en herbe (STH)","STH (Superficies toujours en herbe) peu productives (pâturages pauvres)","STH (Superficies toujours en herbe) peu productives (pâturages pauvres)","29 - Finistère",3131681,143263,21.9
"Fourrages annuels, prairies non permanentes et STH","Prairies non permanentes et STH","Superficie toujours en herbe (STH)","STH (Superficies toujours en herbe) peu productives (pâturages pauvres)","STH (Superficies toujours en herbe) peu productives (pâturages pauvres)","35 - Ille-et-Vilaine",1153184,117876,9.8
"Fourrages annuels, prairies non permanentes et STH","Prairies non permanentes et STH","Superficie toujours en herbe (STH)","STH (Superficies toujours en herbe) peu productives (pâturages pauvres)","STH (Superficies toujours en herbe) peu productives (pâturages pauvres)","56 - Morbihan",1372632,133926,10.2
"Fourrages annuels, prairies non permanentes et STH","Prairies non permanentes et STH","Superficie toujours en herbe (STH)","STH (Superficies toujours en herbe) peu productives (pâturages pauvres)","STH (Superficies toujours en herbe) peu productives (pâturages pauvres)","16 - Charente",4256404,239527,17.8
"Fourrages annuels, prairies non permanentes et STH","Prairies non permanentes et STH","Superficie toujours en herbe (STH)","STH (Superficies toujours en herbe) peu productives (pâturages pauvres)","STH (Superficies toujours en herbe) peu productives (pâturages pauvres)","17 - Charente-Maritime",6444299,334052,19.3
"Fourrages annuels, prairies non permanentes et STH","Prairies non permanentes et STH","Superficie toujours en herbe (STH)","STH (Superficies toujours en herbe) peu productives (pâturages pauvres)","STH (Superficies toujours en herbe) peu productives (pâturages pauvres)","19 - Corrèze",8276399,427212,19.4
"Fourrages annuels, prairies non permanentes et STH","Prairies non permanentes et STH","Superficie toujours en herbe (STH)","STH (Superficies toujours en herbe) peu productives (pâturages pauvres)","STH (Superficies toujours en herbe) peu productives (pâturages pauvres)","23 - Creuse",9615887,572080,16.8
"Fourrages annuels, prairies non permanentes et STH","Prairies non permanentes et STH","Superficie toujours en herbe (STH)","STH (Superficies toujours en herbe) peu productives (pâturages pauvres)","STH (Superficies toujours en herbe) peu productives (pâturages pauvres)","24 - Dordogne",6578566,248486,26.5
"Fourrages annuels, prairies non permanentes et STH","Prairies non permanentes et STH","Superficie toujours en herbe (STH)","STH (Superficies toujours en herbe) peu productives (pâturages pauvres)","STH (Superficies toujours en herbe) peu productives (pâturages pauvres)","33 - Gironde",3484266,215312,16.2
"Fourrages annuels, prairies non permanentes et STH","Prairies non permanentes et STH","Superficie toujours en herbe (STH)","STH (Superficies toujours en herbe) peu productives (pâturages pauvres)","STH (Superficies toujours en herbe) peu productives (pâturages pauvres)","40 - Landes",2734436,132870,20.6
"Fourrages annuels, prairies non permanentes et STH","Prairies non permanentes et STH","Superficie toujours en herbe (STH)","STH (Superficies toujours en herbe) peu productives (pâturages pauvres)","STH (Superficies toujours en herbe) peu productives (pâturages pauvres)","47 - Lot-et-Garonne",1409427,79270,17.8
"Fourrages annuels, prairies non permanentes et STH","Prairies non permanentes et STH","Superficie toujours en herbe (STH)","STH (Superficies toujours en herbe) peu productives (pâturages pauvres)","STH (Superficies toujours en herbe) peu productives (pâturages pauvres)","64 - Pyrénées-Atlantiques",60155650,2544252,23.6
"Fourrages annuels, prairies non permanentes et STH","Prairies non permanentes et STH","Superficie toujours en herbe (STH)","STH (Superficies toujours en herbe) peu productives (pâturages pauvres)","STH (Superficies toujours en herbe) peu productives (pâturages pauvres)","79 - Deux-Sèvres",4362779,210644,20.7
"Fourrages annuels, prairies non permanentes et STH","Prairies non permanentes et STH","Superficie toujours en herbe (STH)","STH (Superficies toujours en herbe) peu productives (pâturages pauvres)","STH (Superficies toujours en herbe) peu productives (pâturages pauvres)","86 - Vienne",3483067,119640,29.1
"Fourrages annuels, prairies non permanentes et STH","Prairies non permanentes et STH","Superficie toujours en herbe (STH)","STH (Superficies toujours en herbe) peu productives (pâturages pauvres)","STH (Superficies toujours en herbe) peu productives (pâturages pauvres)","87 - Haute-Vienne",7041308,422962,16.6
"Fourrages annuels, prairies non permanentes et STH","Prairies non permanentes et STH","Superficie toujours en herbe (STH)","STH (Superficies toujours en herbe) peu productives (pâturages pauvres)","STH (Superficies toujours en herbe) peu productives (pâturages pauvres)","09 - Ariège",25350328,2034972,12.5
"Fourrages annuels, prairies non permanentes et STH","Prairies non permanentes et STH","Superficie toujours en herbe (STH)","STH (Superficies toujours en herbe) peu productives (pâturages pauvres)","STH (Superficies toujours en herbe) peu productives (pâturages pauvres)","11 - Aude",6582990,884697,7.4
"Fourrages annuels, prairies non permanentes et STH","Prairies non permanentes et STH","Superficie toujours en herbe (STH)","STH (Superficies toujours en herbe) peu productives (pâturages pauvres)","STH (Superficies toujours en herbe) peu productives (pâturages pauvres)","12 - Aveyron",36278378,1768128,20.5
"Fourrages annuels, prairies non permanentes et STH","Prairies non permanentes et STH","Superficie toujours en herbe (STH)","STH (Superficies toujours en herbe) peu productives (pâturages pauvres)","STH (Superficies toujours en herbe) peu productives (pâturages pauvres)","30 - Gard",6925102,1053794,6.6
"Fourrages annuels, prairies non permanentes et STH","Prairies non permanentes et STH","Superficie toujours en herbe (STH)","STH (Superficies toujours en herbe) peu productives (pâturages pauvres)","STH (Superficies toujours en herbe) peu productives (pâturages pauvres)","31 - Haute-Garonne",8580455,505305,17
"Fourrages annuels, prairies non permanentes et STH","Prairies non permanentes et STH","Superficie toujours en herbe (STH)","STH (Superficies toujours en herbe) peu productives (pâturages pauvres)","STH (Superficies toujours en herbe) peu productives (pâturages pauvres)","32 - Gers",5589408,266937,20.9
"Fourrages annuels, prairies non permanentes et STH","Prairies non permanentes et STH","Superficie toujours en herbe (STH)","STH (Superficies toujours en herbe) peu productives (pâturages pauvres)","STH (Superficies toujours en herbe) peu productives (pâturages pauvres)","34 - Hérault",4758390,1219381,3.9
"Fourrages annuels, prairies non permanentes et STH","Prairies non permanentes et STH","Superficie toujours en herbe (STH)","STH (Superficies toujours en herbe) peu productives (pâturages pauvres)","STH (Superficies toujours en herbe) peu productives (pâturages pauvres)","46 - Lot",19658024,1140156,17.2
"Fourrages annuels, prairies non permanentes et STH","Prairies non permanentes et STH","Superficie toujours en herbe (STH)","STH (Superficies toujours en herbe) peu productives (pâturages pauvres)","STH (Superficies toujours en herbe) peu productives (pâturages pauvres)","48 - Lozère",22200604,3303669,6.7
"Fourrages annuels, prairies non permanentes et STH","Prairies non permanentes et STH","Superficie toujours en herbe (STH)","STH (Superficies toujours en herbe) peu productives (pâturages pauvres)","STH (Superficies toujours en herbe) peu productives (pâturages pauvres)","65 - Hautes-Pyrénées",38221726,2066011,18.5
"Fourrages annuels, prairies non permanentes et STH","Prairies non permanentes et STH","Superficie toujours en herbe (STH)","STH (Superficies toujours en herbe) peu productives (pâturages pauvres)","STH (Superficies toujours en herbe) peu productives (pâturages pauvres)","66 - Pyrénées-Orientales",7272590,1725500,4.2
"Fourrages annuels, prairies non permanentes et STH","Prairies non permanentes et STH","Superficie toujours en herbe (STH)","STH (Superficies toujours en herbe) peu productives (pâturages pauvres)","STH (Superficies toujours en herbe) peu productives (pâturages pauvres)","81 - Tarn",3905485,225281,17.3
"Fourrages annuels, prairies non permanentes et STH","Prairies non permanentes et STH","Superficie toujours en herbe (STH)","STH (Superficies toujours en herbe) peu productives (pâturages pauvres)","STH (Superficies toujours en herbe) peu productives (pâturages pauvres)","82 - Tarn-et-Garonne",4064763,233566,17.4
"Fourrages annuels, prairies non permanentes et STH","Prairies non permanentes et STH","Superficie toujours en herbe (STH)","STH (Superficies toujours en herbe) peu productives (pâturages pauvres)","STH (Superficies toujours en herbe) peu productives (pâturages pauvres)","01 - Ain",2966480,244797,12.1
"Fourrages annuels, prairies non permanentes et STH","Prairies non permanentes et STH","Superficie toujours en herbe (STH)","STH (Superficies toujours en herbe) peu productives (pâturages pauvres)","STH (Superficies toujours en herbe) peu productives (pâturages pauvres)","03 - Allier",1365865,75183,18.2
"Fourrages annuels, prairies non permanentes et STH","Prairies non permanentes et STH","Superficie toujours en herbe (STH)","STH (Superficies toujours en herbe) peu productives (pâturages pauvres)","STH (Superficies toujours en herbe) peu productives (pâturages pauvres)","07 - Ardèche",8508354,1065567,8
"Fourrages annuels, prairies non permanentes et STH","Prairies non permanentes et STH","Superficie toujours en herbe (STH)","STH (Superficies toujours en herbe) peu productives (pâturages pauvres)","STH (Superficies toujours en herbe) peu productives (pâturages pauvres)","15 - Cantal",24423094,831031,29.4
"Fourrages annuels, prairies non permanentes et STH","Prairies non permanentes et STH","Superficie toujours en herbe (STH)","STH (Superficies toujours en herbe) peu productives (pâturages pauvres)","STH (Superficies toujours en herbe) peu productives (pâturages pauvres)","26 - Drôme",7747830,981801,7.9
"Fourrages annuels, prairies non permanentes et STH","Prairies non permanentes et STH","Superficie toujours en herbe (STH)","STH (Superficies toujours en herbe) peu productives (pâturages pauvres)","STH (Superficies toujours en herbe) peu productives (pâturages pauvres)","38 - Isère",20970132,1165502,18
"Fourrages annuels, prairies non permanentes et STH","Prairies non permanentes et STH","Superficie toujours en herbe (STH)","STH (Superficies toujours en herbe) peu productives (pâturages pauvres)","STH (Superficies toujours en herbe) peu productives (pâturages pauvres)","42 - Loire",4075942,283247,14.4
"Fourrages annuels, prairies non permanentes et STH","Prairies non permanentes et STH","Superficie toujours en herbe (STH)","STH (Superficies toujours en herbe) peu productives (pâturages pauvres)","STH (Superficies toujours en herbe) peu productives (pâturages pauvres)","43 - Haute-Loire",8042402,394218,20.4
"Fourrages annuels, prairies non permanentes et STH","Prairies non permanentes et STH","Superficie toujours en herbe (STH)","STH (Superficies toujours en herbe) peu productives (pâturages pauvres)","STH (Superficies toujours en herbe) peu productives (pâturages pauvres)","63 - Puy-de-Dôme",5815940,261893,22.2
"Fourrages annuels, prairies non permanentes et STH","Prairies non permanentes et STH","Superficie toujours en herbe (STH)","STH (Superficies toujours en herbe) peu productives (pâturages pauvres)","STH (Superficies toujours en herbe) peu productives (pâturages pauvres)","69 - Rhône",1608870,116435,13.8
"Fourrages annuels, prairies non permanentes et STH","Prairies non permanentes et STH","Superficie toujours en herbe (STH)","STH (Superficies toujours en herbe) peu productives (pâturages pauvres)","STH (Superficies toujours en herbe) peu productives (pâturages pauvres)","73 - Savoie",20164759,1546285,13
"Fourrages annuels, prairies non permanentes et STH","Prairies non permanentes et STH","Superficie toujours en herbe (STH)","STH (Superficies toujours en herbe) peu productives (pâturages pauvres)","STH (Superficies toujours en herbe) peu productives (pâturages pauvres)","74 - Haute-Savoie",12638042,694108,18.2
"Fourrages annuels, prairies non permanentes et STH","Prairies non permanentes et STH","Superficie toujours en herbe (STH)","STH (Superficies toujours en herbe) peu productives (pâturages pauvres)","STH (Superficies toujours en herbe) peu productives (pâturages pauvres)","04 - Alpes-de-Haute-Provence",12832157,2561000,5
"Fourrages annuels, prairies non permanentes et STH","Prairies non permanentes et STH","Superficie toujours en herbe (STH)","STH (Superficies toujours en herbe) peu productives (pâturages pauvres)","STH (Superficies toujours en herbe) peu productives (pâturages pauvres)","05 - Hautes-Alpes",18896898,3411172,5.5
"Fourrages annuels, prairies non permanentes et STH","Prairies non permanentes et STH","Superficie toujours en herbe (STH)","STH (Superficies toujours en herbe) peu productives (pâturages pauvres)","STH (Superficies toujours en herbe) peu productives (pâturages pauvres)","06 - Alpes-Maritimes",9025451,1179400,7.7
"Fourrages annuels, prairies non permanentes et STH","Prairies non permanentes et STH","Superficie toujours en herbe (STH)","STH (Superficies toujours en herbe) peu productives (pâturages pauvres)","STH (Superficies toujours en herbe) peu productives (pâturages pauvres)","13 - Bouches-du-Rhône",8831086,1307501,6.8
"Fourrages annuels, prairies non permanentes et STH","Prairies non permanentes et STH","Superficie toujours en herbe (STH)","STH (Superficies toujours en herbe) peu productives (pâturages pauvres)","STH (Superficies toujours en herbe) peu productives (pâturages pauvres)","83 - Var",3981005,546614,7.3
"Fourrages annuels, prairies non permanentes et STH","Prairies non permanentes et STH","Superficie toujours en herbe (STH)","STH (Superficies toujours en herbe) peu productives (pâturages pauvres)","STH (Superficies toujours en herbe) peu productives (pâturages pauvres)","84 - Vaucluse",803249,211051,3.8
"Fourrages annuels, prairies non permanentes et STH","Prairies non permanentes et STH","Superficie toujours en herbe (STH)","STH (Superficies toujours en herbe) peu productives (pâturages pauvres)","STH (Superficies toujours en herbe) peu productives (pâturages pauvres)","2A - Corse-du-Sud",12739833,2191833,6.4
"Fourrages annuels, prairies non permanentes et STH","Prairies non permanentes et STH","Superficie toujours en herbe (STH)","STH (Superficies toujours en herbe) peu productives (pâturages pauvres)","STH (Superficies toujours en herbe) peu productives (pâturages pauvres)","2B - Haute-Corse",17097673,2870289,6
